Target_ID,RA (deg),Dec (deg),Time (UTC),MAST_Visible,MAST_Visible_in_Future,SOXS_Visible,SOXS_Visible_in_Future,WILDS_Visible,WILDS_Visible_in_Future,SOXS_airmass,SOXS_moon_illumination,SOXS_moon_separation_deg,SOXS_moon_altitude_deg,SOXS_sun_altitude_deg,WILDS_airmass,WILDS_moon_illumination,WILDS_moon_separation_deg,WILDS_moon_altitude_deg,WILDS_sun_altitude_deg,MAST_airmass,MAST_moon_illumination,MAST_moon_separation_deg,MAST_moon_altitude_deg,MAST_sun_altitude_deg
T_0,357.36,-57.25,2026-07-31 18:21:34,False,False,False,False,False,False,,,,,,,,,,,,,,,
T_1,325.26,-46.17,2026-11-03 02:49:36,False,False,True,True,False,False,1.326,0.362,146.69,-45.78,-39.92,,,,,,,,,,
T_2,53.88,-43.03,2026-05-20 15:02:04,False,False,False,False,False,False,,,,,,,,,,,,,,,
T_3,10.7,23.03,2026-10-11 12:56:47,False,False,False,False,False,False,,,,,,,,,,,,,,,
T_4,176.98,56.75,2026-05-01 11:21:40,False,False,False,False,False,False,,,,,,,,,,,,,,,
T_5,334.43,-55.32,2026-11-05 06:53:56,False,False,False,False,False,False,,,,,,,,,,,,,,,
T_6,244.13,7.39,2027-02-14 15:33:49,False,False,False,False,False,False,,,,,,,,,,,,,,,
T_7,14.79,-58.56,2027-02-27 20:29:27,False,False,False,False,False,False,,,,,,,,,,,,,,,
T_8,226.7,-11.17,2026-10-10 04:19:10,False,False,False,False,False,False,,,,,,,,,,,,,,,
T_9,73.13,-25.03,2026-05-31 20:21:38,False,False,False,False,False,False,,,,,,,,,,,,,,,
T_10,42.89,-61.79,2026-07-17 20:28:31,False,False,False,False,False,False,,,,,,,,,,,,,,,
T_11,147.8,62.66,2026-05-25 13:52:22,False,False,False,False,False,False,,,,,,,,,,,,,,,
T_12,281.85,-13.04,2027-01-27 20:41:54,False,False,False,False,False,False,,,,,,,,,,,,,,,
T_13,150.08,-0.68,2026-04-12 01:38:57,False,False,True,True,False,False,1.14,0.321,156.65,-39.57,-42.09,,,,,,,,,,
T_14,271.3,-3.72,2026-09-23 15:21:00,False,False,False,False,False,False,,,,,,,,,,,,,,,
T_15,338.32,-5.64,2026-10-31 05:11:12,False,False,False,False,True,True,,,,,,1.482,0.684,128.62,3.97,-56.12,,,,,
T_16,254.72,-16.27,2026-05-24 13:56:11,False,False,False,False,False,False,,,,,,,,,,,,,,,
T_17,42.65,-10.3,2026-11-26 08:14:46,False,False,False,False,True,True,,,,,,1.761,0.955,57.83,78.02,-70.83,,,,,
T_18,237.4,17.84,2026-03-04 19:45:52,False,False,False,False,False,False,,,,,,,,,,,,,,,
T_19,75.88,-26.68,2027-01-05 08:10:07,False,False,False,False,False,False,,,,,,,,,,,,,,,
T_20,27.02,27.76,2026-09-23 08:18:56,False,False,False,False,True,True,,,,,,1.024,0.882,77.15,18.25,-52.7,,,,,
T_21,145.06,2.06,2026-07-28 12:16:53,False,False,False,False,False,False,,,,,,,,,,,,,,,
T_22,276.63,-73.62,2026-11-15 18:38:34,False,False,False,False,False,False,,,,,,,,,,,,,,,
T_23,357.87,3.35,2026-05-22 02:00:50,False,False,False,False,False,False,,,,,,,,,,,,,,,
T_24,120.22,17.77,2027-02-03 08:04:03,False,False,False,False,True,True,,,,,,1.112,0.097,158.55,-52.65,-71.07,,,,,
T_25,144.74,67.81,2026-11-18 19:43:38,False,False,False,False,False,False,,,,,,,,,,,,,,,
T_26,195.45,61.67,2026-07-24 02:33:16,False,False,False,False,False,False,,,,,,,,,,,,,,,
T_27,41.37,53.4,2026-12-21 04:49:12,False,False,False,False,True,True,,,,,,1.062,0.881,31.41,76.66,-54.42,,,,,
T_28,102.01,39.76,2026-07-24 22:30:05,False,False,False,False,False,False,,,,,,,,,,,,,,,
T_29,77.94,15.52,2026-05-21 07:03:22,False,False,False,False,False,False,,,,,,,,,,,,,,,
T_30,132.85,-59.92,2026-03-28 02:01:19,False,False,True,True,False,False,1.177,0.746,82.08,36.62,-42.51,,,,,,,,,,
T_31,28.83,7.97,2026-04-22 22:00:13,False,False,False,False,False,False,,,,,,,,,,,,,,,
T_32,3.3,-41.39,2026-10-11 16:27:42,False,False,False,False,False,False,,,,,,,,,,,,,,,
T_33,34.15,-33.66,2026-11-08 16:38:16,False,False,False,False,False,False,,,,,,,,,,,,,,,
T_34,249.27,63.57,2027-02-28 17:40:17,False,False,False,False,False,False,,,,,,,,,,,,,,,
T_35,221.72,-4.91,2026-07-26 16:50:44,False,False,False,False,False,False,,,,,,,,,,,,,,,
T_36,173.95,9.57,2026-07-03 22:40:13,False,False,False,False,False,False,,,,,,,,,,,,,,,
T_37,254.46,29.92,2027-02-01 18:43:23,False,False,False,False,False,False,,,,,,,,,,,,,,,
T_38,331.76,-29.73,2026-05-28 05:49:01,False,False,True,True,False,False,1.988,0.912,109.35,38.71,-72.64,,,,,,,,,,
T_39,309.07,-62.11,2026-08-27 11:21:42,False,False,False,False,False,False,,,,,,,,,,,,,,,
T_40,222.58,-37.9,2026-05-14 21:09:00,False,False,False,False,False,False,,,,,,,,,,,,,,,
T_41,160.74,-27.98,2026-06-25 23:03:06,False,False,False,False,False,False,,,,,,,,,,,,,,,
T_42,31.57,9.59,2026-07-27 17:57:46,False,False,False,False,False,False,,,,,,,,,,,,,,,
T_43,294.62,32.45,2026-09-20 00:02:09,False,False,False,False,False,False,,,,,,,,,,,,,,,
T_44,77.93,-35.08,2026-06-24 21:58:12,False,False,False,False,False,False,,,,,,,,,,,,,,,
T_45,189.86,-73.48,2026-07-05 01:00:34,False,False,True,True,False,False,1.504,0.776,97.66,-17.33,-39.1,,,,,,,,,,
T_46,56.18,34.91,2026-11-06 06:37:59,False,False,False,False,True,True,,,,,,1.058,0.093,126.59,-53.17,-69.88,,,,,
T_47,21.23,-14.98,2026-10-24 21:51:12,True,True,False,False,False,False,,,,,,,,,,,1.467,0.978,25.62,58.98,-70.88
T_48,185.98,-64.21,2026-07-01 12:11:12,False,False,False,False,False,False,,,,,,,,,,,,,,,
T_49,277.06,-16.46,2026-07-20 16:42:48,False,False,False,False,False,False,,,,,,,,,,,,,,,
T_50,288.78,-37.05,2026-03-18 14:09:53,False,False,False,False,False,False,,,,,,,,,,,,,,,
T_51,270.23,-0.15,2026-07-23 22:24:54,True,True,False,False,False,False,,,,,,,,,,,1.567,0.732,43.16,-3.47,-39.18
T_52,161.92,34.31,2026-08-12 22:47:21,False,False,False,False,False,False,,,,,,,,,,,,,,,
T_53,239.18,20.28,2026-09-25 08:54:42,False,False,False,False,False,False,,,,,,,,,,,,,,,
T_54,248.14,-15.7,2026-04-26 12:40:49,False,False,False,False,False,False,,,,,,,,,,,,,,,
T_55,142.14,38.87,2026-05-29 03:51:29,False,False,False,False,False,False,,,,,,,,,,,,,,,
T_56,34.9,27.01,2027-02-18 22:54:58,False,False,False,False,False,False,,,,,,,,,,,,,,,
T_57,323.27,20.25,2026-05-19 14:15:25,False,False,False,False,False,False,,,,,,,,,,,,,,,
T_58,343.67,-74.34,2026-05-30 04:57:40,False,False,False,False,False,False,,,,,,,,,,,,,,,
T_59,197.34,-85.92,2026-04-01 16:47:50,False,False,False,False,False,False,,,,,,,,,,,,,,,
T_60,191.25,-63.67,2027-02-22 16:53:49,False,False,False,False,False,False,,,,,,,,,,,,,,,
T_61,69.04,8.49,2026-07-23 14:31:26,False,False,False,False,False,False,,,,,,,,,,,,,,,
T_62,289.95,39.69,2026-04-01 18:17:22,False,False,False,False,False,False,,,,,,,,,,,,,,,
T_63,194.03,-75.05,2026-11-11 20:03:26,False,False,False,False,False,False,,,,,,,,,,,,,,,
T_64,171.86,-23.19,2026-06-12 07:25:36,False,False,False,False,False,False,,,,,,,,,,,,,,,
T_65,320.67,16.7,2026-08-17 23:33:18,True,True,False,False,False,False,,,,,,,,,,,1.199,0.297,117.36,-57.75,-39.39
T_66,144.16,82.17,2026-07-16 21:43:23,False,False,False,False,False,False,,,,,,,,,,,,,,,
T_67,3.13,-44.21,2026-04-13 08:56:36,False,False,False,False,False,False,,,,,,,,,,,,,,,
T_68,359.98,-8.37,2026-08-22 22:42:38,True,True,False,False,False,False,,,,,,,,,,,1.313,0.758,86.3,-3.75,-45.99
T_69,100.28,-28.93,2027-02-06 17:01:44,False,False,False,False,False,False,,,,,,,,,,,,,,,
T_70,116.48,-2.47,2026-04-27 10:55:46,False,False,False,False,False,False,,,,,,,,,,,,,,,
T_71,76.1,67.92,2026-03-04 22:11:04,False,False,False,False,False,False,,,,,,,,,,,,,,,
T_72,33.7,30.0,2026-06-19 02:45:06,False,False,False,False,False,False,,,,,,,,,,,,,,,
T_73,131.6,66.04,2026-10-29 14:04:55,False,False,False,False,False,False,,,,,,,,,,,,,,,
T_74,147.35,16.47,2026-04-26 19:46:32,True,True,False,False,False,False,,,,,,,,,,,1.268,0.777,16.11,57.05,-38.71
T_75,145.48,-68.29,2026-08-06 22:25:10,False,False,False,False,False,False,,,,,,,,,,,,,,,
T_76,115.57,10.03,2026-11-16 02:25:46,True,True,False,False,False,False,,,,,,,,,,,1.082,0.369,162.36,-78.89,-21.63
T_77,100.99,-16.98,2026-10-01 15:44:16,False,False,False,False,False,False,,,,,,,,,,,,,,,
T_78,135.72,58.83,2026-08-24 11:08:08,False,False,False,False,False,False,,,,,,,,,,,,,,,
T_79,93.2,-49.41,2027-02-12 17:33:12,False,False,False,False,False,False,,,,,,,,,,,,,,,
T_80,306.41,53.71,2026-10-05 23:22:55,False,False,False,False,False,False,,,,,,,,,,,,,,,
T_81,271.08,6.61,2027-01-10 06:34:57,False,False,False,False,False,False,,,,,,,,,,,,,,,
T_82,109.34,44.14,2026-08-03 12:31:32,False,False,False,False,False,False,,,,,,,,,,,,,,,
T_83,106.41,30.58,2026-07-23 08:03:01,False,False,False,False,False,False,,,,,,,,,,,,,,,
T_84,260.85,19.8,2026-09-01 02:18:07,False,False,False,False,False,False,,,,,,,,,,,,,,,
T_85,211.91,-2.82,2026-05-12 02:38:00,False,False,True,True,False,False,1.147,0.278,136.2,-46.71,-60.2,,,,,,,,,,
T_86,359.88,-51.35,2026-03-13 09:35:35,False,False,False,False,False,False,,,,,,,,,,,,,,,
T_87,64.72,-15.68,2026-10-11 03:08:57,False,False,False,False,False,False,,,,,,,,,,,,,,,
T_88,135.91,-14.69,2026-03-22 09:46:11,False,False,False,False,False,False,,,,,,,,,,,,,,,
T_89,272.49,1.09,2027-01-12 09:30:24,False,False,False,False,False,False,,,,,,,,,,,,,,,
T_90,344.94,0.55,2026-09-30 23:27:51,True,True,False,False,False,False,,,,,,,,,,,1.832,0.781,76.74,68.29,-51.18
T_91,200.35,67.4,2026-05-01 02:18:40,False,False,False,False,False,False,,,,,,,,,,,,,,,
T_92,187.38,-7.79,2026-03-14 22:27:36,True,True,False,False,False,False,,,,,,,,,,,1.271,0.184,113.74,-38.94,-60.72
T_93,272.7,-30.19,2027-01-22 22:48:18,False,False,False,False,False,False,,,,,,,,,,,,,,,
T_94,219.48,-2.78,2026-08-29 13:14:34,False,False,False,False,False,False,,,,,,,,,,,,,,,
T_95,41.75,5.79,2026-12-19 03:22:59,False,False,True,True,True,True,1.366,0.696,26.28,25.17,-34.2,1.181,0.696,25.57,65.11,-36.94,,,,,
T_96,196.06,66.14,2026-11-23 18:23:50,False,False,False,False,False,False,,,,,,,,,,,,,,,
T_97,178.17,-6.36,2027-02-22 13:29:49,False,False,False,False,False,False,,,,,,,,,,,,,,,
T_98,48.9,3.24,2026-11-02 14:49:01,False,False,False,False,False,False,,,,,,,,,,,,,,,
T_99,298.48,0.35,2026-09-16 17:23:27,True,True,False,False,False,False,,,,,,,,,,,1.16,0.302,65.73,12.94,-21.97
T_100,52.45,-75.64,2026-12-09 15:17:09,False,False,False,False,False,False,,,,,,,,,,,,,,,
T_101,128.86,34.35,2026-12-02 16:12:09,False,False,False,False,False,False,,,,,,,,,,,,,,,
T_102,163.54,-46.21,2026-07-29 18:55:35,False,False,False,False,False,False,,,,,,,,,,,,,,,
T_103,336.82,14.43,2026-07-20 00:49:04,True,True,False,False,False,False,,,,,,,,,,,1.046,0.359,148.79,-58.91,-22.87
T_104,243.39,-5.71,2026-09-16 03:17:42,False,False,False,False,False,False,,,,,,,,,,,,,,,
T_105,15.6,16.81,2026-11-17 13:11:41,False,False,False,False,False,False,,,,,,,,,,,,,,,
T_106,266.26,18.77,2027-02-23 19:55:17,False,False,False,False,False,False,,,,,,,,,,,,,,,
T_107,77.1,-9.11,2026-04-29 19:15:04,False,False,False,False,False,False,,,,,,,,,,,,,,,
T_108,316.6,11.75,2026-09-01 21:35:41,True,True,False,False,False,False,,,,,,,,,,,1.134,0.762,74.63,39.46,-51.92
T_109,141.92,-2.52,2026-05-07 17:49:27,False,False,False,False,False,False,,,,,,,,,,,,,,,
T_110,334.78,-15.61,2026-11-08 10:58:54,False,False,False,False,False,False,,,,,,,,,,,,,,,
T_111,359.22,16.38,2026-06-18 00:14:40,True,True,False,False,False,False,,,,,,,,,,,1.605,0.121,119.55,-39.99,-25.05
T_112,21.98,68.0,2026-05-11 03:29:06,False,False,False,False,False,False,,,,,,,,,,,,,,,
T_113,23.79,-34.44,2026-03-08 23:08:44,False,False,False,False,False,False,,,,,,,,,,,,,,,
T_114,294.7,-13.89,2026-04-14 15:43:14,False,False,False,False,False,False,,,,,,,,,,,,,,,
T_115,128.65,-54.58,2026-07-25 02:39:28,False,False,False,False,False,False,,,,,,,,,,,,,,,
T_116,250.56,-35.67,2026-04-19 19:32:03,False,False,False,False,False,False,,,,,,,,,,,,,,,
T_117,190.95,-28.16,2026-11-16 02:17:32,False,False,False,False,False,False,,,,,,,,,,,,,,,
T_118,196.66,29.54,2026-07-25 11:38:09,False,False,False,False,False,False,,,,,,,,,,,,,,,
T_119,272.64,-13.78,2026-12-08 03:25:48,False,False,False,False,False,False,,,,,,,,,,,,,,,
T_120,303.42,27.86,2026-05-07 23:01:48,True,True,False,False,False,False,,,,,,,,,,,1.547,0.685,52.93,15.35,-38.63
T_121,342.63,-52.3,2026-08-23 09:21:00,False,False,True,True,False,False,1.497,0.793,55.06,-13.0,-23.89,,,,,,,,,,
T_122,351.71,2.45,2026-09-25 10:29:41,False,False,False,False,False,False,,,,,,,,,,,,,,,
T_123,139.58,-33.05,2026-06-10 22:32:38,False,False,False,False,False,False,,,,,,,,,,,,,,,
T_124,256.7,33.38,2026-10-12 05:35:27,False,False,False,False,False,False,,,,,,,,,,,,,,,
T_125,177.5,32.71,2026-11-18 09:49:18,False,False,False,False,False,False,,,,,,,,,,,,,,,
T_126,232.82,74.98,2026-05-05 17:03:04,False,False,False,False,False,False,,,,,,,,,,,,,,,
T_127,170.13,-55.21,2026-09-24 16:07:20,False,False,False,False,False,False,,,,,,,,,,,,,,,
T_128,293.89,-35.75,2026-09-18 10:02:33,False,False,False,False,False,False,,,,,,,,,,,,,,,
T_129,283.63,54.77,2026-10-19 19:51:23,True,True,False,False,False,False,,,,,,,,,,,1.931,0.611,78.61,20.57,-60.56
T_130,37.28,65.52,2026-08-10 15:58:00,False,False,False,False,False,False,,,,,,,,,,,,,,,
T_131,50.99,51.98,2026-05-31 17:46:52,False,False,False,False,False,False,,,,,,,,,,,,,,,
T_132,292.92,20.77,2026-06-22 01:42:34,False,False,False,False,False,False,,,,,,,,,,,,,,,
T_133,204.21,33.14,2026-03-20 14:22:00,False,False,False,False,False,False,,,,,,,,,,,,,,,
T_134,63.43,-51.16,2026-12-09 06:24:18,False,False,True,True,False,False,1.247,0.002,100.97,-29.2,-31.68,,,,,,,,,,
T_135,192.81,-56.86,2026-05-15 00:59:03,False,False,True,True,False,False,1.155,0.049,137.21,-60.39,-39.11,,,,,,,,,,
T_136,144.88,-23.82,2026-10-17 11:57:31,False,False,False,False,False,False,,,,,,,,,,,,,,,
T_137,309.96,28.84,2026-09-18 02:28:58,False,False,True,True,False,False,1.974,0.429,77.75,30.08,-49.05,,,,,,,,,,
T_138,88.17,-67.02,2026-03-24 16:24:48,False,False,False,False,False,False,,,,,,,,,,,,,,,
T_139,11.14,-22.75,2026-11-27 20:59:20,False,False,False,False,False,False,,,,,,,,,,,,,,,
T_140,95.24,22.34,2026-05-19 09:33:04,False,False,False,False,False,False,,,,,,,,,,,,,,,
T_141,195.43,57.97,2026-09-30 06:30:56,False,False,False,False,False,False,,,,,,,,,,,,,,,
T_142,287.07,22.53,2027-02-07 04:00:59,False,False,False,False,False,False,,,,,,,,,,,,,,,
T_143,94.02,49.93,2026-07-24 04:42:00,False,False,False,False,False,False,,,,,,,,,,,,,,,
T_144,90.52,-68.69,2027-01-29 04:00:13,False,False,True,True,False,False,1.356,0.53,84.19,4.47,-40.87,,,,,,,,,,
T_145,333.92,-32.49,2026-08-28 14:58:42,False,False,False,False,False,False,,,,,,,,,,,,,,,
T_146,335.84,-1.32,2026-03-28 19:36:47,False,False,False,False,False,False,,,,,,,,,,,,,,,
T_147,163.82,-4.52,2026-07-16 11:27:55,False,False,False,False,False,False,,,,,,,,,,,,,,,
T_148,307.31,-5.64,2026-09-23 14:04:43,False,False,False,False,False,False,,,,,,,,,,,,,,,
T_149,330.65,-9.86,2026-05-05 13:26:16,False,False,False,False,False,False,,,,,,,,,,,,,,,
T_150,282.11,37.77,2026-09-08 10:06:07,False,False,False,False,False,False,,,,,,,,,,,,,,,
T_151,236.68,77.79,2026-11-07 21:07:05,False,False,False,False,False,False,,,,,,,,,,,,,,,
T_152,55.36,5.02,2026-07-31 22:59:57,False,False,False,False,False,False,,,,,,,,,,,,,,,
T_153,183.9,20.71,2026-12-31 18:32:36,False,False,False,False,False,False,,,,,,,,,,,,,,,
T_154,213.72,-40.99,2027-01-02 20:53:00,False,False,False,False,False,False,,,,,,,,,,,,,,,
T_155,10.62,50.24,2026-06-11 09:12:13,False,False,False,False,False,False,,,,,,,,,,,,,,,
T_156,41.97,-27.32,2026-09-10 22:13:56,False,False,False,False,False,False,,,,,,,,,,,,,,,
T_157,179.8,49.58,2026-12-11 23:33:45,True,True,False,False,False,False,,,,,,,,,,,1.773,0.077,123.53,-82.81,-62.26
T_158,36.37,11.83,2027-01-24 16:35:52,True,True,False,False,False,False,,,,,,,,,,,1.07,0.932,117.33,-12.25,-18.67
T_159,95.82,-52.53,2026-12-09 15:23:19,False,False,False,False,False,False,,,,,,,,,,,,,,,
T_160,258.39,-35.45,2026-07-07 02:52:33,False,False,True,True,False,False,1.006,0.576,106.91,-18.51,-63.32,,,,,,,,,,
T_161,7.22,52.2,2026-10-07 15:09:39,False,False,False,False,False,False,,,,,,,,,,,,,,,
T_162,104.07,7.1,2026-04-09 08:35:34,False,False,False,False,False,False,,,,,,,,,,,,,,,
T_163,38.61,39.57,2026-10-19 05:43:50,False,False,False,False,True,True,,,,,,1.152,0.555,107.78,10.73,-58.11,,,,,
T_164,234.21,-13.51,2026-10-01 19:47:25,False,False,False,False,False,False,,,,,,,,,,,,,,,
T_165,129.05,-41.61,2026-09-04 05:17:39,False,False,False,False,False,False,,,,,,,,,,,,,,,
T_166,327.23,-81.93,2026-07-12 23:06:52,False,False,False,False,False,False,,,,,,,,,,,,,,,
T_167,197.38,54.64,2026-08-14 12:59:50,False,False,False,False,False,False,,,,,,,,,,,,,,,
T_168,104.14,36.59,2026-04-07 09:27:49,False,False,False,False,False,False,,,,,,,,,,,,,,,
T_169,42.39,12.96,2026-08-10 09:32:59,False,False,True,True,True,True,1.384,0.077,62.76,-2.67,-23.71,1.619,0.077,62.67,-5.98,-32.17,,,,,
T_170,130.59,-22.17,2026-06-08 21:31:43,False,False,False,False,False,False,,,,,,,,,,,,,,,
T_171,8.07,17.07,2026-03-09 21:58:27,False,False,False,False,False,False,,,,,,,,,,,,,,,
T_172,36.41,-39.4,2026-12-07 03:50:46,False,False,True,True,False,False,1.093,0.034,116.34,-36.46,-37.11,,,,,,,,,,
T_173,314.35,42.45,2026-06-08 15:10:11,False,False,False,False,False,False,,,,,,,,,,,,,,,
T_174,96.57,-27.37,2026-04-30 14:39:29,False,False,False,False,False,False,,,,,,,,,,,,,,,
T_175,42.3,-1.31,2027-02-26 04:13:01,False,False,False,False,False,False,,,,,,,,,,,,,,,
T_176,236.83,-60.77,2026-12-29 19:12:53,False,False,False,False,False,False,,,,,,,,,,,,,,,
T_177,255.1,-56.8,2027-01-25 19:58:14,False,False,False,False,False,False,,,,,,,,,,,,,,,
T_178,148.04,-3.41,2026-07-01 10:43:48,False,False,False,False,False,False,,,,,,,,,,,,,,,
T_179,51.57,13.66,2026-11-13 23:59:23,True,True,False,False,False,False,,,,,,,,,,,1.252,0.193,129.09,-74.63,-52.86
T_180,214.58,-57.93,2026-06-25 14:34:05,False,False,False,False,False,False,,,,,,,,,,,,,,,
T_181,189.99,22.69,2026-10-10 13:04:48,False,False,False,False,False,False,,,,,,,,,,,,,,,
T_182,312.62,49.32,2026-07-13 03:56:37,False,False,False,False,False,False,,,,,,,,,,,,,,,
T_183,25.98,44.84,2026-05-12 19:13:50,False,False,False,False,False,False,,,,,,,,,,,,,,,
T_184,258.27,-48.47,2027-03-03 18:48:37,False,False,False,False,False,False,,,,,,,,,,,,,,,
T_185,24.89,8.43,2026-04-11 13:54:38,False,False,False,False,False,False,,,,,,,,,,,,,,,
T_186,170.39,-7.01,2026-05-24 08:39:16,False,False,False,False,False,False,,,,,,,,,,,,,,,
T_187,318.47,53.06,2026-09-16 07:58:59,False,False,False,False,True,True,,,,,,1.239,0.268,107.89,-47.45,-51.67,,,,,
T_188,348.54,-13.5,2026-05-24 00:05:25,False,False,False,False,False,False,,,,,,,,,,,,,,,
T_189,168.93,16.92,2026-04-25 15:13:31,False,False,False,False,False,False,,,,,,,,,,,,,,,
T_190,307.85,-28.33,2026-06-10 07:26:42,False,False,True,True,False,False,1.009,0.302,71.22,11.28,-52.78,,,,,,,,,,
T_191,349.8,-67.6,2026-07-17 11:43:03,False,False,False,False,False,False,,,,,,,,,,,,,,,
T_192,35.93,-36.24,2027-02-06 12:02:59,False,False,False,False,False,False,,,,,,,,,,,,,,,
T_193,169.98,-11.98,2026-09-28 20:25:40,False,False,False,False,False,False,,,,,,,,,,,,,,,
T_194,10.96,39.56,2027-02-24 17:25:39,False,False,False,False,False,False,,,,,,,,,,,,,,,
T_195,258.93,-14.21,2026-07-11 02:21:44,False,False,True,True,False,False,1.04,0.158,158.0,-76.73,-56.34,,,,,,,,,,
T_196,351.69,-1.57,2026-06-17 03:44:01,False,False,False,False,False,False,,,,,,,,,,,,,,,
T_197,70.56,-37.16,2026-09-23 04:00:25,False,False,False,False,False,False,,,,,,,,,,,,,,,
T_198,321.39,-14.79,2026-10-22 02:05:56,False,False,True,True,False,False,1.165,0.812,17.66,65.35,-37.23,,,,,,,,,,
T_199,113.58,-4.83,2026-04-08 11:55:54,False,False,False,False,False,False,,,,,,,,,,,,,,,
T_200,357.72,-61.96,2026-03-09 11:52:44,False,False,False,False,False,False,,,,,,,,,,,,,,,
T_201,23.59,-12.75,2027-01-23 11:45:05,False,False,False,False,False,False,,,,,,,,,,,,,,,
T_202,42.09,18.65,2027-01-18 21:27:57,False,False,False,False,False,False,,,,,,,,,,,,,,,
T_203,92.05,48.3,2026-12-06 03:12:53,False,False,False,False,True,True,,,,,,1.963,0.079,127.9,-62.99,-35.69,,,,,
T_204,230.7,4.55,2026-12-16 15:55:13,False,False,False,False,False,False,,,,,,,,,,,,,,,
T_205,186.74,-3.4,2026-08-04 01:37:22,False,False,False,False,False,False,,,,,,,,,,,,,,,
T_206,123.46,-69.05,2026-11-11 13:13:42,False,False,False,False,False,False,,,,,,,,,,,,,,,
T_207,315.79,18.54,2027-02-21 17:57:28,False,False,False,False,False,False,,,,,,,,,,,,,,,
T_208,356.21,6.7,2026-08-25 15:30:07,False,False,False,False,False,False,,,,,,,,,,,,,,,
T_209,87.98,15.77,2026-09-08 12:49:28,False,False,False,False,False,False,,,,,,,,,,,,,,,
T_210,214.44,-25.13,2026-10-15 07:40:39,False,False,False,False,False,False,,,,,,,,,,,,,,,
T_211,248.22,-37.99,2026-05-07 00:19:05,False,False,False,False,False,False,,,,,,,,,,,,,,,
T_212,74.34,-58.13,2026-07-08 17:01:33,False,False,False,False,False,False,,,,,,,,,,,,,,,
T_213,226.74,-4.47,2026-09-08 20:43:55,False,False,False,False,False,False,,,,,,,,,,,,,,,
T_214,318.07,-49.59,2026-06-04 01:08:29,False,False,False,False,False,False,,,,,,,,,,,,,,,
T_215,205.06,11.44,2026-09-10 12:37:04,False,False,False,False,False,False,,,,,,,,,,,,,,,
T_216,348.72,14.96,2027-02-19 06:28:45,False,False,False,False,False,False,,,,,,,,,,,,,,,
T_217,103.63,12.1,2026-08-15 20:01:55,False,False,False,False,False,False,,,,,,,,,,,,,,,
T_218,100.18,-1.75,2027-02-23 12:45:53,False,False,False,False,False,False,,,,,,,,,,,,,,,
T_219,291.99,-13.41,2026-05-22 22:05:22,False,False,False,False,False,False,,,,,,,,,,,,,,,
T_220,163.76,-0.97,2026-07-23 04:21:17,False,False,False,False,False,False,,,,,,,,,,,,,,,
T_221,185.06,-71.37,2026-08-02 12:22:48,False,False,False,False,False,False,,,,,,,,,,,,,,,
T_222,339.65,-48.22,2026-03-21 14:29:38,False,False,False,False,False,False,,,,,,,,,,,,,,,
T_223,84.27,-44.41,2026-10-24 11:01:21,False,False,False,False,False,False,,,,,,,,,,,,,,,
T_224,227.27,-50.35,2026-12-21 18:22:02,False,False,False,False,False,False,,,,,,,,,,,,,,,
T_225,203.2,-25.94,2026-06-05 21:46:13,False,False,False,False,False,False,,,,,,,,,,,,,,,
T_226,109.15,27.32,2027-01-22 04:26:17,False,False,True,True,True,True,1.835,0.998,9.95,37.13,-40.55,1.149,0.998,10.93,49.6,-45.22,,,,,
T_227,78.06,11.06,2026-05-13 04:06:18,False,False,False,False,False,False,,,,,,,,,,,,,,,
T_228,33.35,-24.26,2026-03-07 07:12:07,False,False,False,False,False,False,,,,,,,,,,,,,,,
T_229,316.2,55.0,2026-07-18 02:46:18,False,False,False,False,False,False,,,,,,,,,,,,,,,
T_230,232.67,19.06,2026-10-04 01:27:59,False,False,False,False,False,False,,,,,,,,,,,,,,,
T_231,341.44,-3.88,2026-08-10 23:13:46,True,True,False,False,False,False,,,,,,,,,,,1.203,0.044,132.81,-20.82,-39.85
T_232,125.72,-50.98,2026-12-14 13:14:12,False,False,False,False,False,False,,,,,,,,,,,,,,,
T_233,163.32,-35.86,2026-05-05 13:04:09,False,False,False,False,False,False,,,,,,,,,,,,,,,
T_234,74.87,62.1,2026-10-13 07:30:28,False,False,False,False,True,True,,,,,,1.358,0.074,136.39,-66.02,-62.78,,,,,
T_235,153.43,-32.06,2027-02-18 21:00:12,False,False,False,False,False,False,,,,,,,,,,,,,,,
T_236,88.19,-87.53,2026-04-15 08:20:52,False,False,False,False,False,False,,,,,,,,,,,,,,,
T_237,16.39,-20.9,2026-06-03 07:02:17,False,False,False,False,False,False,,,,,,,,,,,,,,,
T_238,71.01,80.15,2027-01-16 02:16:54,False,False,False,False,True,True,,,,,,1.477,0.527,68.33,67.16,-19.81,,,,,
T_239,64.01,-12.83,2026-08-28 03:25:40,False,False,False,False,False,False,,,,,,,,,,,,,,,
T_240,350.48,23.52,2026-03-31 16:04:01,False,False,False,False,False,False,,,,,,,,,,,,,,,
T_241,348.51,22.72,2026-04-26 17:37:02,False,False,False,False,False,False,,,,,,,,,,,,,,,
T_242,299.33,19.34,2026-09-21 09:00:04,False,False,False,False,False,False,,,,,,,,,,,,,,,
T_243,207.71,67.92,2026-03-11 12:35:51,False,False,False,False,False,False,,,,,,,,,,,,,,,
T_244,182.72,8.86,2026-04-08 18:45:38,True,True,False,False,False,False,,,,,,,,,,,1.22,0.635,95.38,-39.05,-33.57
T_245,233.84,41.35,2026-07-26 00:13:11,False,False,False,False,False,False,,,,,,,,,,,,,,,
T_246,198.71,10.9,2026-10-23 02:44:51,False,False,False,False,False,False,,,,,,,,,,,,,,,
T_247,326.4,-41.4,2026-08-26 13:30:23,False,False,False,False,False,False,,,,,,,,,,,,,,,
T_248,263.8,-32.77,2026-11-01 00:10:18,False,False,False,False,False,False,,,,,,,,,,,,,,,
T_249,83.57,-10.76,2026-09-27 08:21:44,False,False,True,True,False,False,1.137,0.994,76.62,27.6,-27.47,,,,,,,,,,
T_250,39.0,56.79,2026-11-23 08:53:56,False,False,False,False,True,True,,,,,,1.255,0.976,36.59,47.96,-63.59,,,,,
T_251,66.5,5.2,2026-03-10 13:59:12,False,False,False,False,False,False,,,,,,,,,,,,,,,
T_252,10.27,2.76,2026-06-22 05:30:44,False,False,False,False,False,False,,,,,,,,,,,,,,,
T_253,337.76,13.62,2026-06-02 05:44:07,False,False,False,False,False,False,,,,,,,,,,,,,,,
T_254,345.75,62.78,2026-10-03 15:59:58,False,False,False,False,False,False,,,,,,,,,,,,,,,
T_255,216.09,26.7,2026-10-29 09:38:27,False,False,False,False,False,False,,,,,,,,,,,,,,,
T_256,132.51,-44.11,2026-03-10 01:01:40,False,False,True,True,False,False,1.079,0.628,85.12,-17.06,-25.27,,,,,,,,,,
T_257,335.36,33.87,2027-01-27 14:12:06,False,False,False,False,False,False,,,,,,,,,,,,,,,
T_258,316.61,52.36,2026-10-30 17:31:35,True,True,False,False,False,False,,,,,,,,,,,1.121,0.735,95.44,-12.5,-34.48
T_259,31.38,-34.04,2026-09-23 03:55:00,False,False,True,True,False,False,1.229,0.869,65.92,59.62,-59.14,,,,,,,,,,
T_260,135.3,0.79,2026-08-11 12:01:34,False,False,False,False,False,False,,,,,,,,,,,,,,,
T_261,223.04,0.96,2026-09-04 14:59:10,False,False,False,False,False,False,,,,,,,,,,,,,,,
T_262,294.71,30.77,2026-03-16 15:42:19,False,False,False,False,False,False,,,,,,,,,,,,,,,
T_263,181.59,-3.57,2026-11-08 18:56:42,False,False,False,False,False,False,,,,,,,,,,,,,,,
T_264,103.69,-5.79,2026-10-23 12:52:01,False,False,False,False,False,False,,,,,,,,,,,,,,,
T_265,162.22,15.95,2027-01-29 15:51:53,False,False,False,False,False,False,,,,,,,,,,,,,,,
T_266,255.49,-53.21,2026-03-12 05:04:39,False,False,False,False,False,False,,,,,,,,,,,,,,,
T_267,309.15,-2.04,2026-10-27 10:31:52,False,False,False,False,False,False,,,,,,,,,,,,,,,
T_268,65.33,10.23,2027-01-23 21:09:51,True,True,False,False,False,False,,,,,,,,,,,1.564,0.972,77.9,57.6,-75.7
T_269,14.08,42.85,2026-04-02 20:33:39,False,False,False,False,False,False,,,,,,,,,,,,,,,
T_270,154.58,4.28,2026-06-25 15:38:27,False,False,False,False,False,False,,,,,,,,,,,,,,,
T_271,160.21,-46.48,2026-11-11 19:38:57,False,False,False,False,False,False,,,,,,,,,,,,,,,
T_272,29.73,-27.53,2026-09-03 19:38:02,False,False,False,False,False,False,,,,,,,,,,,,,,,
T_273,234.04,-24.3,2027-01-11 20:41:01,False,False,False,False,False,False,,,,,,,,,,,,,,,
T_274,136.59,-68.02,2026-08-11 10:55:09,False,False,False,False,False,False,,,,,,,,,,,,,,,
T_275,352.93,-42.99,2026-09-15 22:01:07,False,False,False,False,False,False,,,,,,,,,,,,,,,
T_276,202.21,73.46,2026-12-03 07:14:07,False,False,False,False,False,False,,,,,,,,,,,,,,,
T_277,161.73,-81.01,2026-08-06 19:19:17,False,False,False,False,False,False,,,,,,,,,,,,,,,
T_278,73.72,11.86,2026-07-30 22:42:30,False,False,False,False,False,False,,,,,,,,,,,,,,,
T_279,138.97,29.14,2026-03-23 07:19:08,False,False,False,False,True,True,,,,,,1.203,0.228,73.66,-10.34,-54.04,,,,,
T_280,237.5,20.97,2027-02-04 07:23:09,False,False,False,False,False,False,,,,,,,,,,,,,,,
T_281,218.39,61.72,2026-04-19 03:44:05,False,False,False,False,True,True,,,,,,1.529,0.042,95.64,1.92,-20.26,,,,,
T_282,268.26,-13.33,2027-01-16 12:38:27,False,False,False,False,False,False,,,,,,,,,,,,,,,
T_283,225.42,-16.18,2026-12-20 02:15:51,False,False,False,False,False,False,,,,,,,,,,,,,,,
T_284,255.85,15.3,2027-02-27 01:49:52,True,True,False,False,False,False,,,,,,,,,,,1.252,0.612,46.68,33.7,-30.72
T_285,243.3,-6.53,2026-04-20 17:02:59,False,False,False,False,False,False,,,,,,,,,,,,,,,
T_286,145.33,-5.36,2026-08-08 19:41:02,False,False,False,False,False,False,,,,,,,,,,,,,,,
T_287,354.39,59.21,2026-08-30 01:13:29,True,True,False,False,False,False,,,,,,,,,,,1.276,0.962,57.79,47.1,-25.67
T_288,260.07,-74.74,2026-11-23 05:05:48,False,False,False,False,False,False,,,,,,,,,,,,,,,
T_289,359.87,-70.91,2026-10-17 06:05:06,False,False,True,True,False,False,1.513,0.368,62.33,-14.97,-44.97,,,,,,,,,,
T_290,16.08,21.07,2027-01-10 03:40:42,False,False,False,False,True,True,,,,,,1.216,0.047,70.37,-15.0,-37.8,,,,,
T_291,102.73,53.1,2026-11-14 03:57:13,False,False,False,False,False,False,,,,,,,,,,,,,,,
T_292,84.52,0.26,2026-09-02 23:42:45,False,False,False,False,False,False,,,,,,,,,,,,,,,
T_293,288.38,-12.09,2027-02-23 06:33:29,False,False,False,False,False,False,,,,,,,,,,,,,,,
T_294,161.36,-57.23,2026-09-07 17:22:16,False,False,False,False,False,False,,,,,,,,,,,,,,,
T_295,247.05,-6.41,2026-11-15 06:33:36,False,False,False,False,False,False,,,,,,,,,,,,,,,
T_296,40.79,-76.92,2026-04-20 18:22:55,False,False,False,False,False,False,,,,,,,,,,,,,,,
T_297,117.49,-10.45,2026-08-04 03:09:32,False,False,False,False,False,False,,,,,,,,,,,,,,,
T_298,63.27,10.63,2026-04-29 20:27:01,False,False,False,False,False,False,,,,,,,,,,,,,,,
T_299,107.04,-0.15,2026-05-04 11:44:58,False,False,False,False,False,False,,,,,,,,,,,,,,,
T_300,84.66,19.72,2026-08-17 04:11:26,False,False,False,False,False,False,,,,,,,,,,,,,,,
T_301,59.02,-62.22,2026-08-18 04:23:37,False,False,False,False,False,False,,,,,,,,,,,,,,,
T_302,28.06,56.4,2027-02-07 05:47:06,False,False,False,False,True,True,,,,,,1.903,0.003,86.69,-52.48,-57.94,,,,,
T_303,6.56,-34.3,2026-06-25 02:28:30,False,False,False,False,False,False,,,,,,,,,,,,,,,
T_304,51.35,10.57,2026-10-29 02:55:58,False,False,True,True,False,False,1.796,0.881,27.9,6.0,-42.04,,,,,,,,,,
T_305,170.7,-43.94,2026-04-13 00:35:52,False,False,True,True,False,False,1.144,0.233,118.76,-46.51,-28.82,,,,,,,,,,
T_306,297.8,11.27,2026-07-22 21:37:51,True,True,False,False,False,False,,,,,,,,,,,1.056,0.64,82.22,-1.77,-39.78
T_307,270.48,11.28,2026-11-12 14:33:14,False,False,False,False,False,False,,,,,,,,,,,,,,,
T_308,129.51,-40.11,2026-03-26 15:22:07,False,False,False,False,False,False,,,,,,,,,,,,,,,
T_309,214.15,66.64,2026-11-08 21:45:32,False,False,False,False,False,False,,,,,,,,,,,,,,,
T_310,257.1,17.02,2027-01-11 13:50:21,False,False,False,False,False,False,,,,,,,,,,,,,,,
T_311,212.93,-2.01,2026-11-18 02:48:55,False,False,False,False,False,False,,,,,,,,,,,,,,,
T_312,48.34,47.62,2026-05-25 04:55:41,False,False,False,False,False,False,,,,,,,,,,,,,,,
T_313,178.75,29.79,2026-04-25 18:24:32,True,True,False,False,False,False,,,,,,,,,,,1.023,0.678,32.48,67.55,-26.38
T_314,194.59,-0.25,2026-11-20 20:52:59,False,False,False,False,False,False,,,,,,,,,,,,,,,
T_315,317.18,31.18,2026-05-04 01:46:47,False,False,False,False,False,False,,,,,,,,,,,,,,,
T_316,260.97,-34.16,2026-07-16 22:37:40,False,False,False,False,False,False,,,,,,,,,,,,,,,
T_317,100.76,-58.71,2026-07-19 04:56:01,False,False,False,False,False,False,,,,,,,,,,,,,,,
T_318,344.11,-58.99,2026-09-15 22:19:08,False,False,False,False,False,False,,,,,,,,,,,,,,,
T_319,65.59,50.63,2026-05-24 21:37:34,False,False,False,False,False,False,,,,,,,,,,,,,,,
T_320,289.88,62.12,2026-09-17 22:10:01,True,True,False,False,False,False,,,,,,,,,,,1.814,0.413,95.03,-31.69,-56.86
T_321,271.6,69.63,2026-11-03 03:55:16,False,False,False,False,True,True,,,,,,1.684,0.358,89.42,-40.03,-42.11,,,,,
T_322,102.55,-37.54,2026-09-06 02:45:43,False,False,False,False,False,False,,,,,,,,,,,,,,,
T_323,26.88,13.03,2026-06-12 11:46:27,False,False,False,False,False,False,,,,,,,,,,,,,,,
T_324,182.65,46.46,2026-08-21 15:46:07,False,False,False,False,False,False,,,,,,,,,,,,,,,
T_325,249.85,-35.28,2026-12-11 03:33:48,False,False,False,False,False,False,,,,,,,,,,,,,,,
T_326,253.3,51.77,2027-01-21 23:08:58,False,False,False,False,False,False,,,,,,,,,,,,,,,
T_327,287.63,-54.46,2026-08-05 09:26:33,False,False,False,False,False,False,,,,,,,,,,,,,,,
T_328,240.84,29.04,2026-06-20 08:21:59,False,False,False,False,True,True,,,,,,1.224,0.338,78.53,-21.35,-30.46,,,,,
T_329,50.31,28.65,2026-06-30 18:24:02,False,False,False,False,False,False,,,,,,,,,,,,,,,
T_330,79.89,28.22,2026-08-10 12:05:40,False,False,False,False,False,False,,,,,,,,,,,,,,,
T_331,357.12,18.59,2026-11-23 20:03:42,True,True,False,False,False,False,,,,,,,,,,,1.288,0.989,46.18,79.59,-69.05
T_332,136.33,13.26,2027-02-20 02:35:49,False,False,True,True,False,False,1.441,0.989,5.88,39.27,-37.31,,,,,,,,,,
T_333,18.16,-8.02,2026-07-27 05:29:13,False,False,False,False,False,False,,,,,,,,,,,,,,,
T_334,39.54,14.28,2027-02-27 02:06:14,False,False,False,False,False,False,,,,,,,,,,,,,,,
T_335,15.82,-12.97,2026-07-23 04:45:31,False,False,False,False,False,False,,,,,,,,,,,,,,,
T_336,207.02,-89.36,2026-08-01 05:28:46,False,False,False,False,False,False,,,,,,,,,,,,,,,
T_337,265.32,7.39,2026-06-29 22:33:52,True,True,False,False,False,False,,,,,,,,,,,1.195,0.999,37.49,30.53,-35.41
T_338,117.02,59.93,2026-10-22 00:45:22,True,True,False,False,False,False,,,,,,,,,,,1.312,0.807,121.11,-12.86,-39.71
T_339,324.52,-27.69,2027-02-26 07:24:27,False,False,False,False,False,False,,,,,,,,,,,,,,,
T_340,346.66,65.07,2026-06-26 12:14:37,False,False,False,False,False,False,,,,,,,,,,,,,,,
T_341,66.9,21.02,2026-09-19 12:11:37,False,False,False,False,False,False,,,,,,,,,,,,,,,
T_342,146.68,48.09,2027-03-02 09:12:26,False,False,False,False,True,True,,,,,,1.177,0.301,136.18,-15.57,-55.11,,,,,
T_343,27.49,-12.69,2026-10-18 18:04:48,False,False,False,False,False,False,,,,,,,,,,,,,,,
T_344,173.11,-50.24,2027-01-24 21:58:02,False,False,False,False,False,False,,,,,,,,,,,,,,,
T_345,71.4,36.91,2027-02-18 14:24:06,False,False,False,False,False,False,,,,,,,,,,,,,,,
T_346,219.31,-8.85,2026-09-07 13:47:50,False,False,False,False,False,False,,,,,,,,,,,,,,,
T_347,350.17,18.17,2026-06-08 01:13:51,False,False,False,False,False,False,,,,,,,,,,,,,,,
T_348,219.01,68.64,2027-02-20 08:27:51,False,False,False,False,True,True,,,,,,1.413,0.994,71.89,61.71,-63.9,,,,,
T_349,197.0,-41.8,2027-01-04 00:37:32,False,False,False,False,False,False,,,,,,,,,,,,,,,
T_350,207.39,-24.01,2026-12-26 13:15:06,False,False,False,False,False,False,,,,,,,,,,,,,,,
T_351,103.95,59.71,2026-05-30 08:11:05,False,False,False,False,False,False,,,,,,,,,,,,,,,
T_352,60.87,39.36,2026-07-19 18:49:33,False,False,False,False,False,False,,,,,,,,,,,,,,,
T_353,79.83,64.78,2026-05-31 23:19:23,False,False,False,False,False,False,,,,,,,,,,,,,,,
T_354,226.36,-6.46,2027-01-15 20:58:34,False,False,False,False,False,False,,,,,,,,,,,,,,,
T_355,299.0,-78.02,2027-01-20 00:55:24,False,False,False,False,False,False,,,,,,,,,,,,,,,
T_356,234.92,17.03,2026-04-01 04:53:53,False,False,False,False,False,False,,,,,,,,,,,,,,,
T_357,103.43,-15.1,2026-12-09 08:24:12,False,False,False,False,True,True,,,,,,1.59,0.002,131.28,-77.06,-71.48,,,,,
T_358,203.54,32.19,2026-12-29 12:15:49,False,False,False,False,True,True,,,,,,1.134,0.637,44.01,55.41,-27.49,,,,,
T_359,310.72,17.03,2026-03-19 03:34:14,False,False,False,False,False,False,,,,,,,,,,,,,,,
T_360,16.7,-3.91,2026-08-28 14:14:25,False,False,False,False,False,False,,,,,,,,,,,,,,,
T_361,27.45,-36.67,2026-06-23 08:18:45,False,False,True,True,False,False,1.62,0.644,131.8,-28.08,-42.19,,,,,,,,,,
T_362,188.78,-56.13,2027-01-06 16:21:44,False,False,False,False,False,False,,,,,,,,,,,,,,,
T_363,236.03,4.39,2027-01-15 16:56:43,False,False,False,False,False,False,,,,,,,,,,,,,,,
T_364,43.59,-12.75,2026-07-29 03:43:07,False,False,False,False,False,False,,,,,,,,,,,,,,,
T_365,273.65,-36.79,2026-08-01 02:44:50,False,False,True,True,False,False,1.013,0.939,65.96,30.24,-59.49,,,,,,,,,,
T_366,1.27,-69.09,2026-04-04 10:09:58,False,False,False,False,False,False,,,,,,,,,,,,,,,
T_367,221.66,-13.35,2026-03-15 19:13:46,False,False,False,False,False,False,,,,,,,,,,,,,,,
T_368,49.99,44.05,2026-08-24 19:06:08,False,False,False,False,False,False,,,,,,,,,,,,,,,
T_369,228.55,-11.49,2026-11-01 00:09:03,False,False,False,False,False,False,,,,,,,,,,,,,,,
T_370,325.45,23.75,2027-02-19 19:20:04,False,False,False,False,False,False,,,,,,,,,,,,,,,
T_371,305.55,-35.18,2026-08-11 14:43:13,False,False,False,False,False,False,,,,,,,,,,,,,,,
T_372,54.42,23.43,2026-11-04 09:34:40,False,False,False,False,True,True,,,,,,1.073,0.236,107.01,2.54,-52.39,,,,,
T_373,157.92,-55.94,2026-04-02 04:08:08,False,False,True,True,False,False,1.174,0.999,54.98,66.65,-64.02,,,,,,,,,,
T_374,286.17,-50.52,2026-11-15 00:06:42,False,False,False,False,False,False,,,,,,,,,,,,,,,
T_375,228.89,-29.29,2027-02-06 10:43:57,False,False,False,False,False,False,,,,,,,,,,,,,,,
T_376,242.09,53.72,2026-05-21 09:58:09,False,False,False,False,True,True,,,,,,1.163,0.281,87.18,-27.51,-23.9,,,,,
T_377,16.65,-48.19,2026-07-03 17:58:25,False,False,False,False,False,False,,,,,,,,,,,,,,,
T_378,326.53,-27.22,2026-03-31 12:52:39,False,False,False,False,False,False,,,,,,,,,,,,,,,
T_379,286.58,65.92,2027-01-07 10:40:34,False,False,False,False,False,False,,,,,,,,,,,,,,,
T_380,127.5,-24.35,2026-12-03 09:28:05,False,False,False,False,False,False,,,,,,,,,,,,,,,
T_381,27.92,16.82,2027-02-06 23:22:03,False,False,False,False,False,False,,,,,,,,,,,,,,,
T_382,231.17,1.41,2026-07-27 20:20:54,True,True,False,False,False,False,,,,,,,,,,,1.935,0.97,60.38,32.96,-36.75
T_383,37.51,15.34,2027-02-23 16:19:16,False,False,False,False,False,False,,,,,,,,,,,,,,,
T_384,182.03,-26.12,2026-07-18 21:53:45,False,False,False,False,False,False,,,,,,,,,,,,,,,
T_385,89.36,-10.74,2026-09-14 02:04:15,False,False,False,False,False,False,,,,,,,,,,,,,,,
T_386,39.48,24.49,2026-04-26 07:52:40,False,False,False,False,False,False,,,,,,,,,,,,,,,
T_387,174.69,6.93,2026-08-16 02:41:38,False,False,False,False,False,False,,,,,,,,,,,,,,,
T_388,62.99,-8.28,2026-08-22 19:14:33,False,False,False,False,False,False,,,,,,,,,,,,,,,
T_389,223.74,1.63,2026-05-02 01:35:42,False,False,True,True,False,False,1.862,0.997,22.33,45.08,-45.49,,,,,,,,,,
T_390,207.59,-74.74,2026-07-22 02:27:27,False,False,True,True,False,False,1.687,0.564,56.98,39.61,-56.7,,,,,,,,,,
T_391,338.89,70.38,2026-05-29 11:56:45,False,False,False,False,False,False,,,,,,,,,,,,,,,
T_392,31.28,-29.24,2026-06-20 22:12:10,False,False,False,False,False,False,,,,,,,,,,,,,,,
T_393,161.1,-12.31,2026-12-04 14:43:55,False,False,False,False,False,False,,,,,,,,,,,,,,,
T_394,73.71,-18.28,2027-02-13 06:01:50,False,False,False,False,False,False,,,,,,,,,,,,,,,
T_395,1.55,-46.17,2026-09-16 06:33:33,False,False,True,True,False,False,1.09,0.263,97.74,-30.98,-51.73,,,,,,,,,,
T_396,350.83,8.26,2026-09-22 02:39:42,False,False,True,True,False,False,1.362,0.792,52.17,67.81,-49.99,,,,,,,,,,
T_397,84.58,73.25,2026-09-11 18:36:09,False,False,False,False,False,False,,,,,,,,,,,,,,,
T_398,355.92,32.42,2026-05-15 14:21:35,False,False,False,False,False,False,,,,,,,,,,,,,,,
T_399,117.85,-45.21,2026-07-08 02:10:30,False,False,False,False,False,False,,,,,,,,,,,,,,,
T_400,123.08,-4.03,2027-03-01 18:51:21,True,True,False,False,False,False,,,,,,,,,,,1.216,0.354,133.59,-64.67,-42.05
T_401,118.17,-49.93,2026-11-28 09:23:22,False,False,False,False,False,False,,,,,,,,,,,,,,,
T_402,149.4,16.68,2027-02-13 00:36:17,True,True,False,False,False,False,,,,,,,,,,,1.244,0.361,108.59,-35.5,-49.14
T_403,91.38,-62.28,2026-03-10 10:37:51,False,False,False,False,False,False,,,,,,,,,,,,,,,
T_404,193.49,-31.86,2027-01-12 17:56:22,False,False,False,False,False,False,,,,,,,,,,,,,,,
T_405,294.63,-25.35,2026-08-14 02:36:26,False,False,True,True,False,False,1.004,0.025,133.52,-38.97,-56.27,,,,,,,,,,
T_406,253.83,27.99,2026-08-19 17:24:50,False,False,False,False,False,False,,,,,,,,,,,,,,,
T_407,274.88,9.77,2026-03-16 02:59:51,False,False,False,False,False,False,,,,,,,,,,,,,,,
T_408,69.17,54.41,2026-12-12 10:49:16,False,False,False,False,True,True,,,,,,1.454,0.101,131.21,-74.44,-43.41,,,,,
T_409,12.6,-7.46,2026-10-27 11:34:19,False,False,False,False,False,False,,,,,,,,,,,,,,,
T_410,2.04,-8.09,2026-10-26 00:43:28,False,False,True,True,False,False,1.202,0.998,34.98,21.3,-21.93,,,,,,,,,,
T_411,31.42,-7.61,2027-02-25 07:29:30,False,False,False,False,False,False,,,,,,,,,,,,,,,
T_412,193.44,66.98,2026-08-05 15:32:17,False,False,False,False,False,False,,,,,,,,,,,,,,,
T_413,304.51,-47.93,2026-03-21 06:11:44,False,False,False,False,False,False,,,,,,,,,,,,,,,
T_414,226.28,6.53,2026-03-27 10:33:02,False,False,False,False,True,True,,,,,,1.14,0.681,102.56,-2.89,-33.5,,,,,
T_415,153.17,31.44,2026-08-07 01:38:14,False,False,False,False,False,False,,,,,,,,,,,,,,,
T_416,272.75,46.89,2026-04-29 01:58:07,False,False,False,False,False,False,,,,,,,,,,,,,,,
T_417,86.06,25.37,2026-07-12 02:43:11,False,False,False,False,False,False,,,,,,,,,,,,,,,
T_418,189.69,-10.26,2026-12-28 23:20:50,False,False,False,False,False,False,,,,,,,,,,,,,,,
T_419,233.58,76.6,2026-05-12 22:57:59,True,True,False,False,False,False,,,,,,,,,,,1.47,0.199,96.78,-15.92,-37.77
T_420,15.38,55.41,2026-11-28 22:22:44,True,True,False,False,False,False,,,,,,,,,,,1.57,0.751,86.6,42.47,-74.97
T_421,120.66,-73.95,2026-12-27 19:06:21,False,False,False,False,False,False,,,,,,,,,,,,,,,
T_422,237.16,-19.68,2026-03-16 01:57:36,True,True,False,False,False,False,,,,,,,,,,,1.55,0.102,79.36,-3.84,-24.74
T_423,16.42,-13.69,2027-02-01 12:24:15,False,False,False,False,False,False,,,,,,,,,,,,,,,
T_424,350.96,67.09,2027-02-28 03:27:11,False,False,False,False,False,False,,,,,,,,,,,,,,,
T_425,190.21,69.91,2026-10-02 23:31:00,False,False,False,False,False,False,,,,,,,,,,,,,,,
T_426,192.64,-31.01,2026-11-28 22:29:42,False,False,False,False,False,False,,,,,,,,,,,,,,,
T_427,151.52,52.7,2026-11-04 00:38:58,True,True,False,False,False,False,,,,,,,,,,,1.59,0.27,46.44,18.05,-42.94
T_428,202.37,-9.3,2026-12-21 13:59:58,False,False,False,False,False,False,,,,,,,,,,,,,,,
T_429,274.46,-9.34,2026-06-14 09:13:24,False,False,True,True,True,True,1.763,0.01,151.48,-22.2,-29.94,1.443,0.01,151.85,-18.99,-26.75,,,,,
T_430,333.85,61.03,2026-09-12 13:09:01,False,False,False,False,False,False,,,,,,,,,,,,,,,
T_431,353.13,-34.32,2026-11-30 15:23:51,False,False,False,False,False,False,,,,,,,,,,,,,,,
T_432,89.68,48.8,2026-11-18 03:02:48,False,False,False,False,False,False,,,,,,,,,,,,,,,
T_433,219.79,-25.99,2026-03-19 13:58:23,False,False,False,False,False,False,,,,,,,,,,,,,,,
T_434,229.29,-1.49,2026-09-02 17:26:44,True,True,False,False,False,False,,,,,,,,,,,1.804,0.679,159.4,-17.55,-18.65
T_435,79.74,-79.5,2026-10-14 05:59:23,False,False,True,True,False,False,1.647,0.128,75.0,-33.36,-46.72,,,,,,,,,,
T_436,92.19,-5.15,2026-10-11 01:21:28,True,True,False,False,False,False,,,,,,,,,,,1.286,0.003,105.68,-36.47,-30.48
T_437,160.33,-12.2,2026-09-26 03:10:54,False,False,False,False,False,False,,,,,,,,,,,,,,,
T_438,170.5,-8.58,2026-04-14 03:10:29,False,False,True,True,False,False,1.078,0.142,161.8,-49.99,-60.56,,,,,,,,,,
T_439,224.16,-52.01,2026-09-30 06:15:33,False,False,False,False,False,False,,,,,,,,,,,,,,,
T_440,288.19,41.29,2026-07-03 20:36:00,True,True,False,False,False,False,,,,,,,,,,,1.074,0.866,66.57,15.57,-34.57
T_441,0.41,-63.06,2026-08-03 05:01:04,False,False,True,True,False,False,1.391,0.797,68.02,33.1,-77.93,,,,,,,,,,
T_442,90.71,33.88,2026-04-23 08:48:22,False,False,False,False,False,False,,,,,,,,,,,,,,,
T_443,246.82,56.72,2027-02-19 01:11:18,True,True,False,False,False,False,,,,,,,,,,,1.328,0.947,88.74,21.52,-40.64
T_444,148.15,41.03,2026-08-24 02:36:24,False,False,False,False,False,False,,,,,,,,,,,,,,,
T_445,273.67,-54.16,2026-08-25 15:11:32,False,False,False,False,False,False,,,,,,,,,,,,,,,
T_446,164.01,-21.69,2026-07-28 16:15:58,False,False,False,False,False,False,,,,,,,,,,,,,,,
T_447,19.54,4.26,2026-12-18 17:41:09,True,True,False,False,False,False,,,,,,,,,,,1.119,0.655,9.38,64.43,-37.57
T_448,89.22,-25.95,2026-08-24 14:44:49,False,False,False,False,False,False,,,,,,,,,,,,,,,
T_449,54.06,0.59,2026-05-13 03:12:58,False,False,False,False,False,False,,,,,,,,,,,,,,,
T_450,204.1,-12.89,2026-10-18 07:55:30,False,False,False,False,False,False,,,,,,,,,,,,,,,
T_451,167.51,42.28,2026-08-16 05:08:52,False,False,False,False,False,False,,,,,,,,,,,,,,,
T_452,159.66,48.38,2026-08-11 11:08:10,False,False,False,False,False,False,,,,,,,,,,,,,,,
T_453,295.05,57.54,2026-03-08 19:09:26,False,False,False,False,False,False,,,,,,,,,,,,,,,
T_454,115.92,27.31,2026-10-10 09:22:14,False,False,False,False,True,True,,,,,,1.892,0.002,81.54,-48.35,-49.31,,,,,
T_455,9.72,-12.88,2026-11-19 01:07:21,False,False,True,True,False,False,1.048,0.654,26.41,58.9,-21.35,,,,,,,,,,
T_456,181.51,21.87,2027-02-06 19:57:04,False,False,False,False,False,False,,,,,,,,,,,,,,,
T_457,100.74,11.95,2026-03-12 07:37:05,False,False,False,False,False,False,,,,,,,,,,,,,,,
T_458,132.73,-42.74,2026-04-29 15:56:59,False,False,False,False,False,False,,,,,,,,,,,,,,,
T_459,208.96,48.22,2027-02-05 20:16:19,False,False,False,False,False,False,,,,,,,,,,,,,,,
T_460,143.74,33.77,2027-02-15 21:53:45,True,True,False,False,False,False,,,,,,,,,,,1.005,0.676,58.84,26.1,-72.47
T_461,222.22,-58.16,2026-12-12 19:43:32,False,False,False,False,False,False,,,,,,,,,,,,,,,
T_462,72.17,63.28,2026-03-27 06:31:08,False,False,False,False,False,False,,,,,,,,,,,,,,,
T_463,52.25,-7.31,2026-11-14 23:12:33,True,True,False,False,False,False,,,,,,,,,,,1.393,0.27,110.07,-54.29,-62.83
T_464,136.86,32.39,2027-01-25 12:05:04,False,False,False,False,True,True,,,,,,1.461,0.876,40.23,48.81,-29.7,,,,,
T_465,270.95,-15.2,2026-06-29 22:47:39,True,True,False,False,False,False,,,,,,,,,,,1.578,0.999,14.4,29.78,-34.58
T_466,354.24,-23.22,2027-01-04 14:50:24,False,False,False,False,False,False,,,,,,,,,,,,,,,
T_467,11.31,2.4,2026-09-25 16:05:07,False,False,False,False,False,False,,,,,,,,,,,,,,,
T_468,7.65,-56.49,2026-11-08 12:02:33,False,False,False,False,False,False,,,,,,,,,,,,,,,
T_469,259.65,33.56,2026-07-06 04:32:56,False,False,False,False,True,True,,,,,,1.04,0.671,94.45,-20.04,-18.62,,,,,
T_470,162.05,-37.34,2026-03-07 12:07:54,False,False,False,False,False,False,,,,,,,,,,,,,,,
T_471,293.69,-47.97,2027-01-04 01:09:59,False,False,False,False,False,False,,,,,,,,,,,,,,,
T_472,356.7,-18.95,2026-11-16 02:47:27,False,False,True,True,True,True,1.139,0.371,43.79,21.31,-36.3,1.73,0.371,43.32,26.1,-29.92,,,,,
T_473,244.67,8.72,2026-03-12 03:18:28,False,False,False,False,False,False,,,,,,,,,,,,,,,
T_474,160.9,-10.54,2027-02-02 07:18:22,False,False,True,True,True,True,1.069,0.162,98.17,8.85,-32.58,1.708,0.162,97.74,-52.0,-71.43,,,,,
T_475,186.9,61.66,2026-07-18 18:54:22,True,True,False,False,False,False,,,,,,,,,,,1.682,0.238,62.68,6.81,-24.4
T_476,94.47,-11.56,2026-07-30 02:36:10,False,False,False,False,False,False,,,,,,,,,,,,,,,
T_477,312.65,-3.01,2026-10-18 19:55:03,True,True,False,False,False,False,,,,,,,,,,,1.812,0.516,24.95,9.64,-60.89
T_478,338.96,-69.44,2026-11-19 04:41:54,False,False,True,True,False,False,1.929,0.668,66.2,17.26,-41.19,,,,,,,,,,
T_479,296.39,38.7,2026-06-14 00:43:19,True,True,False,False,False,False,,,,,,,,,,,1.026,0.02,99.64,-7.99,-20.89
T_480,211.03,1.88,2027-02-28 05:44:24,False,False,True,True,False,False,1.491,0.499,45.22,25.02,-50.89,,,,,,,,,,
T_481,25.12,-0.06,2026-04-05 01:48:11,False,False,False,False,False,False,,,,,,,,,,,,,,,
T_482,331.64,-41.84,2026-03-21 22:58:23,False,False,False,False,False,False,,,,,,,,,,,,,,,
T_483,10.79,24.05,2026-07-31 00:31:45,True,True,False,False,False,False,,,,,,,,,,,1.053,0.981,58.74,38.93,-27.36
T_484,26.81,19.16,2026-03-06 21:17:11,False,False,False,False,False,False,,,,,,,,,,,,,,,
T_485,179.45,-73.96,2026-06-19 07:32:17,False,False,False,False,False,False,,,,,,,,,,,,,,,
T_486,33.41,31.59,2026-09-11 12:40:12,False,False,False,False,False,False,,,,,,,,,,,,,,,
T_487,311.11,47.92,2026-09-18 00:26:05,False,False,False,False,False,False,,,,,,,,,,,,,,,
T_488,190.22,37.84,2027-02-25 09:31:28,False,False,False,False,True,True,,,,,,1.003,0.77,58.96,32.24,-53.85,,,,,
T_489,175.21,35.1,2026-05-30 13:37:49,False,False,False,False,False,False,,,,,,,,,,,,,,,
T_490,58.16,-32.92,2026-12-17 19:45:46,False,False,False,False,False,False,,,,,,,,,,,,,,,
T_491,342.17,53.39,2027-01-26 11:27:17,False,False,False,False,False,False,,,,,,,,,,,,,,,
T_492,178.24,-5.44,2026-10-08 06:33:01,False,False,False,False,False,False,,,,,,,,,,,,,,,
T_493,267.14,-13.81,2027-01-10 12:58:12,False,False,False,False,False,False,,,,,,,,,,,,,,,
T_494,358.5,-36.44,2026-12-31 08:30:17,False,False,False,False,False,False,,,,,,,,,,,,,,,
T_495,316.77,-33.93,2027-02-13 11:50:51,False,False,False,False,False,False,,,,,,,,,,,,,,,
T_496,103.93,-47.01,2027-01-28 06:30:45,False,False,True,True,False,False,1.354,0.621,84.92,43.87,-37.27,,,,,,,,,,
T_497,321.1,-29.28,2026-10-19 03:55:56,False,False,True,True,False,False,1.467,0.548,18.14,24.9,-50.03,,,,,,,,,,
T_498,339.2,55.38,2027-01-01 03:39:45,False,False,False,False,True,True,,,,,,1.489,0.363,127.44,-62.86,-38.9,,,,,
T_499,309.68,-67.3,2026-12-12 02:27:57,False,False,False,False,False,False,,,,,,,,,,,,,,,
T_500,224.79,24.07,2026-05-23 21:30:22,True,True,False,False,False,False,,,,,,,,,,,1.03,0.547,65.25,12.21,-39.22
T_501,328.27,1.82,2026-05-19 14:34:18,False,False,False,False,False,False,,,,,,,,,,,,,,,
T_502,28.7,-70.46,2026-12-12 15:35:25,False,False,False,False,False,False,,,,,,,,,,,,,,,
T_503,299.05,-6.62,2026-10-06 06:36:01,False,False,False,False,False,False,,,,,,,,,,,,,,,
T_504,235.53,-20.03,2026-11-09 20:15:49,False,False,False,False,False,False,,,,,,,,,,,,,,,
T_505,29.69,25.06,2026-05-19 22:54:33,False,False,False,False,False,False,,,,,,,,,,,,,,,
T_506,102.2,44.92,2026-03-08 01:16:18,False,False,False,False,False,False,,,,,,,,,,,,,,,
T_507,257.87,-18.46,2026-12-30 19:18:52,False,False,False,False,False,False,,,,,,,,,,,,,,,
T_508,21.2,32.57,2026-05-18 20:47:16,False,False,False,False,False,False,,,,,,,,,,,,,,,
T_509,131.19,-30.26,2026-04-03 08:00:07,False,False,False,False,False,False,,,,,,,,,,,,,,,
T_510,332.14,-59.51,2026-04-13 10:15:32,False,False,False,False,False,False,,,,,,,,,,,,,,,
T_511,73.47,3.12,2026-06-26 15:34:29,False,False,False,False,False,False,,,,,,,,,,,,,,,
T_512,148.15,-24.98,2026-10-24 12:02:49,False,False,False,False,False,False,,,,,,,,,,,,,,,
T_513,131.84,4.24,2026-11-28 11:14:30,False,False,False,False,True,True,,,,,,1.173,0.797,20.11,77.11,-36.25,,,,,
T_514,27.26,1.59,2027-01-13 18:28:08,True,True,False,False,False,False,,,,,,,,,,,1.425,0.292,30.96,19.56,-44.41
T_515,62.94,-34.39,2026-04-29 21:13:42,False,False,False,False,False,False,,,,,,,,,,,,,,,
T_516,240.66,42.35,2026-03-11 10:14:14,False,False,False,False,True,True,,,,,,1.099,0.499,73.51,10.91,-42.1,,,,,
T_517,266.29,-41.77,2026-07-17 01:24:10,False,False,True,True,False,False,1.075,0.097,116.18,-8.48,-43.33,,,,,,,,,,
T_518,220.14,-52.54,2026-03-07 23:22:07,False,False,False,False,False,False,,,,,,,,,,,,,,,
T_519,31.79,42.95,2026-11-05 05:36:45,False,False,False,False,True,True,,,,,,1.033,0.165,126.11,-50.25,-61.63,,,,,
T_520,136.25,30.87,2026-10-25 03:09:14,False,False,False,False,False,False,,,,,,,,,,,,,,,
T_521,312.69,-11.12,2027-01-21 23:42:45,False,False,False,False,False,False,,,,,,,,,,,,,,,
T_522,12.75,-13.45,2027-02-10 03:59:57,False,False,False,False,False,False,,,,,,,,,,,,,,,
T_523,273.14,-13.41,2027-01-25 07:07:10,False,False,False,False,False,False,,,,,,,,,,,,,,,
T_524,271.08,-21.22,2026-04-22 08:55:43,False,False,True,True,False,False,1.01,0.309,169.58,-83.56,-28.9,,,,,,,,,,
T_525,294.08,-43.5,2026-10-31 14:52:47,False,False,False,False,False,False,,,,,,,,,,,,,,,
T_526,63.41,-16.51,2026-11-15 14:55:07,False,False,False,False,False,False,,,,,,,,,,,,,,,
T_527,325.01,18.8,2026-03-14 09:32:59,False,False,False,False,False,False,,,,,,,,,,,,,,,
T_528,126.37,-34.24,2026-11-10 19:43:01,False,False,False,False,False,False,,,,,,,,,,,,,,,
T_529,328.17,-43.26,2026-06-10 04:58:53,False,False,True,True,False,False,1.687,0.313,63.47,-19.19,-82.74,,,,,,,,,,
T_530,30.54,34.97,2026-11-14 17:18:38,True,True,False,False,False,False,,,,,,,,,,,1.233,0.249,109.68,13.91,-33.42
T_531,196.99,18.13,2026-06-17 01:57:30,False,False,True,True,False,False,1.693,0.059,75.57,-27.3,-52.47,,,,,,,,,,
T_532,198.88,53.35,2026-05-13 08:07:19,False,False,False,False,True,True,,,,,,1.217,0.166,121.86,-24.16,-35.82,,,,,
T_533,232.66,-35.91,2026-04-16 00:29:23,False,False,False,False,False,False,,,,,,,,,,,,,,,
T_534,238.03,16.6,2026-11-29 05:20:16,False,False,False,False,False,False,,,,,,,,,,,,,,,
T_535,226.8,-24.6,2027-01-25 02:33:27,False,False,False,False,False,False,,,,,,,,,,,,,,,
T_536,139.93,13.74,2026-08-22 01:14:06,False,False,False,False,False,False,,,,,,,,,,,,,,,
T_537,111.82,40.02,2026-07-08 00:53:18,False,False,False,False,False,False,,,,,,,,,,,,,,,
T_538,91.71,-20.85,2026-06-10 00:07:41,False,False,False,False,False,False,,,,,,,,,,,,,,,
T_539,90.77,54.71,2026-07-12 12:52:46,False,False,False,False,False,False,,,,,,,,,,,,,,,
T_540,176.1,5.97,2026-05-22 20:52:25,True,True,False,False,False,False,,,,,,,,,,,1.728,0.437,30.9,13.24,-38.33
T_541,328.52,3.89,2026-10-01 11:36:16,False,False,False,False,False,False,,,,,,,,,,,,,,,
T_542,281.66,-47.7,2026-10-15 09:39:58,False,False,False,False,False,False,,,,,,,,,,,,,,,
T_543,331.02,-43.69,2026-06-01 22:11:56,False,False,False,False,False,False,,,,,,,,,,,,,,,
T_544,42.31,68.35,2027-01-20 05:43:41,False,False,False,False,True,True,,,,,,1.386,0.922,48.56,81.0,-60.94,,,,,
T_545,246.21,-10.49,2026-04-22 05:16:44,False,False,True,True,False,False,1.179,0.293,146.22,-38.93,-71.08,,,,,,,,,,
T_546,79.28,-3.27,2026-06-12 09:07:51,False,False,False,False,False,False,,,,,,,,,,,,,,,
T_547,257.34,20.47,2026-12-02 14:44:10,False,False,False,False,False,False,,,,,,,,,,,,,,,
T_548,79.3,-59.78,2026-03-18 12:46:40,False,False,False,False,False,False,,,,,,,,,,,,,,,
T_549,104.0,-16.97,2027-01-03 03:29:27,False,False,True,True,False,False,1.08,0.19,112.13,-27.62,-34.65,,,,,,,,,,
T_550,212.3,-57.38,2026-08-19 21:15:32,False,False,False,False,False,False,,,,,,,,,,,,,,,
T_551,345.76,30.23,2026-07-14 03:19:04,False,False,False,False,False,False,,,,,,,,,,,,,,,
T_552,327.6,-9.29,2026-08-26 04:05:39,False,False,True,True,False,False,1.066,0.959,18.14,74.88,-69.06,,,,,,,,,,
T_553,292.86,11.46,2026-09-13 18:14:48,True,True,False,False,False,False,,,,,,,,,,,1.065,0.079,96.49,-17.2,-31.43
T_554,43.06,77.74,2026-04-27 22:52:46,False,False,False,False,False,False,,,,,,,,,,,,,,,
T_555,69.32,-5.58,2026-09-12 10:45:21,False,False,False,False,True,True,,,,,,1.508,0.021,114.3,-45.77,-28.72,,,,,
T_556,88.99,7.65,2026-07-20 14:05:16,False,False,False,False,False,False,,,,,,,,,,,,,,,
T_557,295.24,-17.74,2026-12-24 02:55:05,False,False,False,False,False,False,,,,,,,,,,,,,,,
T_558,297.29,-2.58,2026-08-15 01:36:00,False,False,True,True,False,False,1.197,0.07,125.9,-13.74,-43.36,,,,,,,,,,
T_559,54.62,5.23,2026-09-30 21:16:58,True,True,False,False,False,False,,,,,,,,,,,1.7,0.79,20.65,40.74,-62.85
T_560,167.25,-9.22,2026-07-12 05:24:23,False,False,False,False,False,False,,,,,,,,,,,,,,,
T_561,195.24,-52.29,2026-07-21 11:08:35,False,False,False,False,False,False,,,,,,,,,,,,,,,
T_562,49.79,12.96,2026-10-05 22:11:38,True,True,False,False,False,False,,,,,,,,,,,1.163,0.245,83.35,-11.18,-62.94
T_563,197.02,-28.37,2027-02-02 09:03:18,False,False,False,False,False,False,,,,,,,,,,,,,,,
T_564,167.83,59.86,2026-10-17 03:06:37,False,False,False,False,False,False,,,,,,,,,,,,,,,
T_565,119.35,4.5,2026-09-08 14:41:53,False,False,False,False,False,False,,,,,,,,,,,,,,,
T_566,239.43,17.84,2026-12-21 00:05:54,False,False,False,False,False,False,,,,,,,,,,,,,,,
T_567,119.86,-57.09,2026-12-01 11:13:59,False,False,False,False,False,False,,,,,,,,,,,,,,,
T_568,196.38,-22.3,2026-08-14 01:04:42,False,False,False,False,False,False,,,,,,,,,,,,,,,
T_569,195.53,32.49,2027-01-02 05:59:13,False,False,False,False,False,False,,,,,,,,,,,,,,,
T_570,288.75,-25.6,2026-10-23 03:52:26,False,False,False,False,False,False,,,,,,,,,,,,,,,
T_571,93.78,-75.99,2026-06-24 07:33:01,False,False,False,False,False,False,,,,,,,,,,,,,,,
T_572,133.85,32.93,2026-10-28 13:29:36,False,False,False,False,False,False,,,,,,,,,,,,,,,
T_573,137.49,9.89,2026-10-18 18:50:39,False,False,False,False,False,False,,,,,,,,,,,,,,,
T_574,199.96,57.96,2026-04-28 12:25:52,False,False,False,False,False,False,,,,,,,,,,,,,,,
T_575,112.05,-45.97,2026-04-24 13:05:20,False,False,False,False,False,False,,,,,,,,,,,,,,,
T_576,53.65,32.13,2026-10-20 23:06:20,True,True,False,False,False,False,,,,,,,,,,,1.002,0.716,97.31,-4.28,-59.37
T_577,249.37,69.53,2026-08-29 12:08:38,False,False,False,False,False,False,,,,,,,,,,,,,,,
T_578,57.52,21.16,2026-04-12 09:39:58,False,False,False,False,False,False,,,,,,,,,,,,,,,
T_579,196.28,-73.72,2026-09-26 04:49:05,False,False,False,False,False,False,,,,,,,,,,,,,,,
T_580,277.17,-16.6,2026-12-03 14:08:46,False,False,False,False,False,False,,,,,,,,,,,,,,,
T_581,340.94,28.45,2026-03-07 22:00:15,False,False,False,False,False,False,,,,,,,,,,,,,,,
T_582,55.74,28.2,2026-06-17 16:34:22,False,False,False,False,False,False,,,,,,,,,,,,,,,
T_583,132.25,42.21,2026-03-13 13:04:19,False,False,False,False,False,False,,,,,,,,,,,,,,,
T_584,309.1,33.43,2026-11-01 21:14:42,False,False,False,False,False,False,,,,,,,,,,,,,,,
T_585,175.89,-7.59,2026-07-18 10:44:37,False,False,False,False,False,False,,,,,,,,,,,,,,,
T_586,76.88,-31.03,2026-08-11 19:38:53,False,False,False,False,False,False,,,,,,,,,,,,,,,
T_587,242.1,61.42,2027-01-04 09:34:54,False,False,False,False,False,False,,,,,,,,,,,,,,,
T_588,338.37,17.32,2026-08-05 02:58:52,False,False,False,False,False,False,,,,,,,,,,,,,,,
T_589,320.35,-61.48,2026-12-10 06:24:05,False,False,False,False,False,False,,,,,,,,,,,,,,,
T_590,182.57,3.06,2026-10-28 01:39:34,False,False,False,False,False,False,,,,,,,,,,,,,,,
T_591,104.86,-19.42,2026-05-11 12:36:33,False,False,False,False,False,False,,,,,,,,,,,,,,,
T_592,199.32,-3.37,2026-03-24 19:24:13,True,True,False,False,False,False,,,,,,,,,,,1.963,0.388,118.65,30.21,-43.66
T_593,279.41,48.24,2027-03-02 01:41:42,True,True,False,False,False,False,,,,,,,,,,,1.501,0.328,76.56,13.4,-31.77
T_594,18.24,-44.73,2026-09-12 09:37:49,False,False,False,False,False,False,,,,,,,,,,,,,,,
T_595,260.85,46.19,2026-05-08 03:04:35,False,False,False,False,False,False,,,,,,,,,,,,,,,
T_596,296.47,6.19,2026-04-20 08:16:01,False,False,True,True,False,False,1.523,0.117,122.01,-77.43,-37.3,,,,,,,,,,
T_597,289.56,42.44,2027-01-02 08:07:26,False,False,False,False,False,False,,,,,,,,,,,,,,,
T_598,161.38,35.95,2026-05-27 12:25:22,False,False,False,False,False,False,,,,,,,,,,,,,,,
T_599,65.0,-42.96,2026-12-07 05:21:25,False,False,True,True,False,False,1.073,0.032,112.73,-28.28,-36.92,,,,,,,,,,
T_600,7.11,-25.43,2026-06-18 05:57:01,False,False,False,False,False,False,,,,,,,,,,,,,,,
T_601,89.32,-14.24,2026-08-13 00:33:29,False,False,False,False,False,False,,,,,,,,,,,,,,,
T_602,25.0,16.23,2026-11-24 07:30:21,False,False,False,False,True,True,,,,,,1.29,0.997,27.98,76.4,-75.35,,,,,
T_603,299.35,-7.95,2026-08-23 03:37:42,False,False,True,True,True,True,1.111,0.774,32.01,53.21,-66.18,1.524,0.774,32.1,26.64,-18.28,,,,,
T_604,125.22,-12.49,2026-09-12 03:59:49,False,False,False,False,False,False,,,,,,,,,,,,,,,
T_605,269.16,33.29,2026-04-03 14:06:06,False,False,False,False,False,False,,,,,,,,,,,,,,,
T_606,104.84,32.48,2026-05-17 16:01:34,False,False,False,False,False,False,,,,,,,,,,,,,,,
T_607,188.86,45.73,2026-06-05 11:25:38,False,False,False,False,False,False,,,,,,,,,,,,,,,
T_608,78.15,-21.58,2026-11-12 23:46:21,True,True,False,False,False,False,,,,,,,,,,,1.619,0.124,129.29,-82.56,-55.48
T_609,260.99,-30.21,2027-02-26 15:03:37,False,False,False,False,False,False,,,,,,,,,,,,,,,
T_610,258.54,-12.92,2026-09-07 02:01:37,False,False,True,True,False,False,1.449,0.203,145.11,-78.4,-45.88,,,,,,,,,,
T_611,158.87,-34.04,2026-03-06 20:27:48,False,False,False,False,False,False,,,,,,,,,,,,,,,
T_612,245.12,-16.44,2026-11-20 01:35:56,False,False,False,False,False,False,,,,,,,,,,,,,,,
T_613,281.85,33.85,2027-02-28 04:41:50,False,False,False,False,False,False,,,,,,,,,,,,,,,
T_614,189.91,47.59,2026-11-02 20:50:35,False,False,False,False,False,False,,,,,,,,,,,,,,,
T_615,348.9,-59.51,2026-06-21 07:49:02,False,False,True,True,False,False,1.262,0.44,122.15,-45.77,-48.56,,,,,,,,,,
T_616,216.93,-53.67,2026-07-17 18:22:28,False,False,False,False,False,False,,,,,,,,,,,,,,,
T_617,259.42,10.23,2027-02-09 16:43:37,False,False,False,False,False,False,,,,,,,,,,,,,,,
T_618,195.06,67.43,2026-07-30 02:25:21,False,False,False,False,False,False,,,,,,,,,,,,,,,
T_619,43.07,-26.7,2026-11-22 03:30:56,False,False,True,True,False,False,1.001,0.915,46.24,41.51,-38.69,,,,,,,,,,
T_620,210.31,-10.77,2026-05-24 09:42:12,False,False,False,False,False,False,,,,,,,,,,,,,,,
T_621,35.49,45.26,2026-04-21 21:42:28,False,False,False,False,False,False,,,,,,,,,,,,,,,
T_622,11.8,57.03,2026-05-07 10:32:52,False,False,False,False,False,False,,,,,,,,,,,,,,,
T_623,297.67,11.68,2026-05-29 11:44:42,False,False,False,False,False,False,,,,,,,,,,,,,,,
T_624,214.5,7.16,2026-04-27 05:35:05,False,False,True,True,True,True,1.278,0.812,48.96,20.55,-70.09,1.262,0.812,48.59,54.02,-34.9,,,,,
T_625,124.03,-31.06,2026-04-21 20:11:29,False,False,False,False,False,False,,,,,,,,,,,,,,,
T_626,13.8,-32.42,2026-10-18 19:23:02,False,False,False,False,False,False,,,,,,,,,,,,,,,
T_627,350.66,30.83,2026-03-06 09:28:16,False,False,False,False,False,False,,,,,,,,,,,,,,,
T_628,54.28,-46.6,2026-12-28 16:59:16,False,False,False,False,False,False,,,,,,,,,,,,,,,
T_629,345.01,13.2,2026-03-30 03:47:53,False,False,False,False,False,False,,,,,,,,,,,,,,,
T_630,179.35,51.37,2026-07-08 05:04:13,False,False,False,False,True,True,,,,,,1.63,0.457,115.36,-22.72,-22.89,,,,,
T_631,247.62,-41.97,2026-06-09 17:14:39,False,False,False,False,False,False,,,,,,,,,,,,,,,
T_632,79.74,-76.63,2026-07-28 09:40:33,False,False,True,True,False,False,1.725,0.986,76.84,14.01,-23.77,,,,,,,,,,
T_633,4.1,-31.72,2026-03-06 14:48:09,False,False,False,False,False,False,,,,,,,,,,,,,,,
T_634,229.85,18.77,2026-08-13 12:51:55,False,False,False,False,False,False,,,,,,,,,,,,,,,
T_635,152.74,-58.67,2026-09-09 06:57:45,False,False,False,False,False,False,,,,,,,,,,,,,,,
T_636,247.18,7.75,2026-12-18 22:17:27,False,False,False,False,False,False,,,,,,,,,,,,,,,
T_637,60.36,3.36,2026-10-22 11:00:11,False,False,False,False,True,True,,,,,,1.272,0.841,79.13,-13.64,-33.16,,,,,
T_638,17.59,20.2,2026-12-12 15:51:41,False,False,False,False,False,False,,,,,,,,,,,,,,,
T_639,353.47,-26.85,2026-04-03 13:15:40,False,False,False,False,False,False,,,,,,,,,,,,,,,
T_640,84.49,17.75,2026-10-22 01:34:35,True,True,False,False,False,False,,,,,,,,,,,1.026,0.81,109.08,-23.04,-29.16
T_641,14.2,-5.83,2026-10-06 11:37:08,False,False,False,False,False,False,,,,,,,,,,,,,,,
T_642,179.99,-67.17,2026-12-31 14:14:56,False,False,False,False,False,False,,,,,,,,,,,,,,,
T_643,204.49,-37.24,2026-06-05 19:41:10,False,False,False,False,False,False,,,,,,,,,,,,,,,
T_644,267.5,73.9,2026-07-25 11:42:58,False,False,False,False,False,False,,,,,,,,,,,,,,,
T_645,250.01,-45.99,2026-08-10 03:51:35,False,False,True,True,False,False,1.436,0.093,147.17,-70.76,-71.08,,,,,,,,,,
T_646,127.83,-5.68,2026-06-02 23:40:01,False,False,True,True,False,False,1.575,0.938,139.75,-1.01,-23.01,,,,,,,,,,
T_647,244.52,-39.11,2026-03-30 11:25:20,False,False,False,False,False,False,,,,,,,,,,,,,,,
T_648,237.56,3.07,2026-12-14 23:19:35,False,False,False,False,False,False,,,,,,,,,,,,,,,
T_649,95.86,36.62,2026-07-26 08:12:45,False,False,False,False,False,False,,,,,,,,,,,,,,,
T_650,74.22,30.03,2026-09-22 23:46:42,True,True,False,False,False,False,,,,,,,,,,,1.226,0.858,121.9,2.64,-46.15
T_651,324.56,-3.32,2027-01-19 18:05:08,False,False,False,False,False,False,,,,,,,,,,,,,,,
T_652,246.75,15.28,2026-11-04 13:08:33,False,False,False,False,False,False,,,,,,,,,,,,,,,
T_653,60.12,46.29,2026-10-05 07:40:11,False,False,False,False,True,True,,,,,,1.212,0.306,60.49,-4.79,-59.49,,,,,
T_654,13.25,73.07,2026-12-24 00:56:07,False,False,False,False,False,False,,,,,,,,,,,,,,,
T_655,164.86,16.76,2026-07-23 08:29:18,False,False,False,False,False,False,,,,,,,,,,,,,,,
T_656,258.37,9.96,2027-01-02 10:27:23,False,False,False,False,False,False,,,,,,,,,,,,,,,
T_657,330.0,1.91,2026-09-08 17:27:43,True,True,False,False,False,False,,,,,,,,,,,1.605,0.074,156.8,-33.53,-20.54
T_658,170.49,-14.39,2026-10-15 13:14:09,False,False,False,False,False,False,,,,,,,,,,,,,,,
T_659,331.0,-2.22,2026-05-01 03:31:09,False,False,False,False,False,False,,,,,,,,,,,,,,,
T_660,144.27,3.7,2026-06-12 09:52:41,False,False,False,False,False,False,,,,,,,,,,,,,,,
T_661,284.71,35.48,2026-11-11 01:32:50,False,False,False,False,False,False,,,,,,,,,,,,,,,
T_662,41.99,-16.3,2027-01-03 08:48:09,False,False,False,False,False,False,,,,,,,,,,,,,,,
T_663,116.28,-41.78,2027-01-29 05:27:02,False,False,True,True,False,False,1.081,0.524,82.77,22.48,-42.17,,,,,,,,,,
T_664,298.28,40.69,2027-01-19 22:37:11,False,False,False,False,False,False,,,,,,,,,,,,,,,
T_665,108.09,-23.4,2026-06-14 02:56:45,False,False,False,False,False,False,,,,,,,,,,,,,,,
T_666,357.9,7.3,2026-07-17 17:12:28,False,False,False,False,False,False,,,,,,,,,,,,,,,
T_667,116.69,8.18,2026-11-28 04:17:35,False,False,False,False,False,False,,,,,,,,,,,,,,,
T_668,74.52,71.84,2026-06-09 17:19:21,False,False,False,False,False,False,,,,,,,,,,,,,,,
T_669,118.87,-37.98,2026-08-14 22:58:54,False,False,False,False,False,False,,,,,,,,,,,,,,,
T_670,306.49,-3.35,2026-08-23 14:19:11,False,False,False,False,False,False,,,,,,,,,,,,,,,
T_671,60.54,0.69,2026-04-03 08:05:02,False,False,False,False,False,False,,,,,,,,,,,,,,,
T_672,181.67,-33.21,2027-02-09 14:48:50,False,False,False,False,False,False,,,,,,,,,,,,,,,
T_673,12.99,-12.06,2026-07-23 12:47:05,False,False,False,False,False,False,,,,,,,,,,,,,,,
T_674,266.43,-8.08,2027-01-06 09:13:48,False,False,False,False,False,False,,,,,,,,,,,,,,,
T_675,176.44,24.97,2026-08-24 10:53:23,False,False,False,False,False,False,,,,,,,,,,,,,,,
T_676,215.91,0.42,2026-03-07 07:09:03,False,False,True,True,False,False,1.188,0.854,17.99,75.24,-42.65,,,,,,,,,,
T_677,303.95,8.93,2026-03-10 21:45:57,False,False,False,False,False,False,,,,,,,,,,,,,,,
T_678,287.72,-23.21,2027-02-02 18:44:04,False,False,False,False,False,False,,,,,,,,,,,,,,,
T_679,70.4,-38.37,2026-12-14 04:08:03,False,False,True,True,False,False,1.014,0.219,96.16,-12.7,-37.07,,,,,,,,,,
T_680,341.84,-74.24,2026-04-13 15:57:32,False,False,False,False,False,False,,,,,,,,,,,,,,,
T_681,269.0,6.72,2026-04-30 10:20:32,False,False,False,False,True,True,,,,,,1.142,0.983,70.31,14.99,-25.12,,,,,
T_682,190.98,-38.63,2026-05-04 01:26:43,False,False,True,True,False,False,1.051,0.949,48.24,25.01,-43.85,,,,,,,,,,
T_683,28.42,88.18,2026-08-23 13:28:24,False,False,False,False,False,False,,,,,,,,,,,,,,,
T_684,166.91,-19.1,2026-08-19 18:23:52,False,False,False,False,False,False,,,,,,,,,,,,,,,
T_685,215.85,7.9,2026-09-12 07:35:19,False,False,False,False,False,False,,,,,,,,,,,,,,,
T_686,256.62,4.26,2026-10-30 11:00:15,False,False,False,False,False,False,,,,,,,,,,,,,,,
T_687,292.23,-61.85,2027-01-30 03:00:00,False,False,False,False,False,False,,,,,,,,,,,,,,,
T_688,229.97,-3.18,2026-10-10 17:38:54,False,False,False,False,False,False,,,,,,,,,,,,,,,
T_689,213.05,-58.96,2026-06-01 01:01:22,False,False,True,True,False,False,1.188,0.994,43.49,35.16,-40.48,,,,,,,,,,
T_690,192.69,39.37,2026-06-13 10:43:24,False,False,False,False,False,False,,,,,,,,,,,,,,,
T_691,263.17,-71.37,2027-01-27 20:18:52,False,False,False,False,False,False,,,,,,,,,,,,,,,
T_692,93.38,34.48,2026-07-14 14:27:11,False,False,False,False,False,False,,,,,,,,,,,,,,,
T_693,224.49,59.54,2026-10-08 18:16:49,False,False,False,False,False,False,,,,,,,,,,,,,,,
T_694,185.75,-29.04,2026-06-25 16:16:25,False,False,False,False,False,False,,,,,,,,,,,,,,,
T_695,145.66,20.34,2026-12-10 12:13:16,False,False,False,False,True,True,,,,,,1.036,0.021,133.7,-42.8,-26.01,,,,,
T_696,341.41,-19.49,2026-08-13 19:05:14,False,False,False,False,False,False,,,,,,,,,,,,,,,
T_697,342.29,-15.2,2026-07-23 03:14:00,False,False,False,False,False,False,,,,,,,,,,,,,,,
T_698,174.94,-14.74,2026-07-10 15:32:30,False,False,False,False,False,False,,,,,,,,,,,,,,,
T_699,192.12,-50.04,2027-02-01 09:39:31,False,False,False,False,False,False,,,,,,,,,,,,,,,
T_700,343.51,-49.24,2026-06-24 19:01:03,False,False,False,False,False,False,,,,,,,,,,,,,,,
T_701,159.98,-55.26,2026-10-29 23:07:47,False,False,False,False,False,False,,,,,,,,,,,,,,,
T_702,174.28,47.93,2026-04-22 19:43:33,True,True,False,False,False,False,,,,,,,,,,,1.055,0.358,56.29,25.07,-39.35
T_703,75.1,13.61,2026-06-15 05:40:29,False,False,False,False,False,False,,,,,,,,,,,,,,,
T_704,286.89,-50.56,2026-05-03 12:12:29,False,False,False,False,False,False,,,,,,,,,,,,,,,
T_705,151.46,1.82,2026-09-15 21:08:51,False,False,False,False,False,False,,,,,,,,,,,,,,,
T_706,198.22,20.65,2026-10-09 11:39:31,False,False,False,False,False,False,,,,,,,,,,,,,,,
T_707,92.28,-0.03,2026-09-07 03:45:18,False,False,False,False,False,False,,,,,,,,,,,,,,,
T_708,290.84,52.63,2026-12-28 08:01:46,False,False,False,False,False,False,,,,,,,,,,,,,,,
T_709,283.1,-36.95,2026-06-10 20:18:46,False,False,False,False,False,False,,,,,,,,,,,,,,,
T_710,205.07,-40.18,2026-03-06 06:20:24,False,False,True,True,False,False,1.05,0.919,31.24,69.6,-49.42,,,,,,,,,,
T_711,230.97,22.33,2026-10-27 21:43:27,False,False,False,False,False,False,,,,,,,,,,,,,,,
T_712,295.71,-40.38,2026-07-16 12:17:44,False,False,False,False,False,False,,,,,,,,,,,,,,,
T_713,112.65,13.87,2027-02-07 13:40:51,False,False,False,False,False,False,,,,,,,,,,,,,,,
T_714,245.89,50.05,2026-05-17 11:12:52,False,False,False,False,False,False,,,,,,,,,,,,,,,
T_715,29.58,-81.48,2026-05-25 11:38:37,False,False,False,False,False,False,,,,,,,,,,,,,,,
T_716,347.97,-46.85,2026-07-24 15:42:20,False,False,False,False,False,False,,,,,,,,,,,,,,,
T_717,219.24,-19.5,2027-01-16 11:51:20,False,False,False,False,False,False,,,,,,,,,,,,,,,
T_718,116.76,-16.77,2026-11-01 15:57:31,False,False,False,False,False,False,,,,,,,,,,,,,,,
T_719,68.94,-5.43,2027-01-05 07:14:43,False,False,False,False,True,True,,,,,,1.568,0.059,146.43,-66.91,-77.3,,,,,
T_720,61.62,-53.05,2027-01-23 08:56:28,False,False,False,False,False,False,,,,,,,,,,,,,,,
T_721,88.89,23.6,2026-03-22 14:33:53,False,False,False,False,False,False,,,,,,,,,,,,,,,
T_722,23.12,73.86,2026-09-08 12:24:22,False,False,False,False,False,False,,,,,,,,,,,,,,,
T_723,228.26,-18.29,2027-02-25 03:58:51,False,False,False,False,False,False,,,,,,,,,,,,,,,
T_724,146.94,-63.94,2026-07-30 07:47:27,False,False,False,False,False,False,,,,,,,,,,,,,,,
T_725,344.71,44.12,2026-11-28 03:45:29,False,False,False,False,True,True,,,,,,1.083,0.825,100.67,-0.02,-42.45,,,,,
T_726,326.32,-76.3,2026-11-06 19:32:19,False,False,False,False,False,False,,,,,,,,,,,,,,,
T_727,206.25,-52.04,2026-06-12 22:50:14,False,False,False,False,False,False,,,,,,,,,,,,,,,
T_728,317.73,40.71,2026-06-07 18:33:33,False,False,False,False,False,False,,,,,,,,,,,,,,,
T_729,336.02,6.41,2026-08-28 18:02:14,True,True,False,False,False,False,,,,,,,,,,,1.77,0.996,15.0,20.88,-24.24
T_730,310.88,5.63,2026-08-17 05:42:27,False,False,True,True,True,True,1.412,0.23,114.07,-35.54,-69.61,1.166,0.23,114.34,-16.97,-35.39,,,,,
T_731,181.25,67.84,2026-05-03 09:00:30,False,False,False,False,True,True,,,,,,1.496,0.973,102.57,28.83,-34.55,,,,,
T_732,4.42,8.45,2026-05-19 16:37:51,False,False,False,False,False,False,,,,,,,,,,,,,,,
T_733,124.81,-5.45,2026-07-09 01:57:08,False,False,False,False,False,False,,,,,,,,,,,,,,,
T_734,315.23,-20.03,2027-01-25 10:57:55,False,False,False,False,False,False,,,,,,,,,,,,,,,
T_735,325.41,5.86,2026-10-09 15:01:20,False,False,False,False,False,False,,,,,,,,,,,,,,,
T_736,248.75,4.25,2027-02-27 05:51:02,False,False,False,False,False,False,,,,,,,,,,,,,,,
T_737,14.33,-49.93,2026-06-03 01:57:41,False,False,False,False,False,False,,,,,,,,,,,,,,,
T_738,21.46,-33.55,2026-07-28 07:04:49,False,False,True,True,False,False,1.213,0.983,76.27,46.23,-57.58,,,,,,,,,,
T_739,160.65,37.22,2027-01-05 20:19:58,False,False,False,False,False,False,,,,,,,,,,,,,,,
T_740,247.61,18.36,2026-08-11 05:02:11,False,False,False,False,True,True,,,,,,1.229,0.033,114.57,-30.58,-28.61,,,,,
T_741,178.93,-57.39,2026-09-09 05:43:47,False,False,False,False,False,False,,,,,,,,,,,,,,,
T_742,121.31,15.78,2026-04-25 00:57:35,False,False,True,True,False,False,1.8,0.603,17.13,39.62,-36.03,,,,,,,,,,
T_743,233.74,-26.5,2026-10-12 15:32:49,False,False,False,False,False,False,,,,,,,,,,,,,,,
T_744,48.36,-86.57,2026-10-25 23:54:21,False,False,False,False,False,False,,,,,,,,,,,,,,,
T_745,6.48,-68.93,2026-10-17 10:44:41,False,False,False,False,False,False,,,,,,,,,,,,,,,
T_746,54.21,28.16,2026-05-09 21:35:18,False,False,False,False,False,False,,,,,,,,,,,,,,,
T_747,49.13,-64.21,2026-11-02 15:26:47,False,False,False,False,False,False,,,,,,,,,,,,,,,
T_748,196.42,47.44,2026-08-05 20:58:48,False,False,False,False,False,False,,,,,,,,,,,,,,,
T_749,116.52,-81.44,2026-08-08 15:04:38,False,False,False,False,False,False,,,,,,,,,,,,,,,
T_750,220.61,48.01,2026-11-01 00:18:05,False,False,False,False,False,False,,,,,,,,,,,,,,,
T_751,96.78,-13.68,2026-11-07 16:26:31,False,False,False,False,False,False,,,,,,,,,,,,,,,
T_752,34.56,49.89,2027-02-04 05:29:03,False,False,False,False,True,True,,,,,,1.613,0.053,118.03,-79.07,-55.27,,,,,
T_753,204.78,-46.67,2026-05-31 14:41:45,False,False,False,False,False,False,,,,,,,,,,,,,,,
T_754,275.13,21.08,2026-09-21 16:06:08,False,False,False,False,False,False,,,,,,,,,,,,,,,
T_755,70.68,-6.18,2026-09-12 06:48:58,False,False,True,True,False,False,1.586,0.016,111.08,-51.78,-50.34,,,,,,,,,,
T_756,342.9,-6.95,2026-03-16 09:46:27,False,False,False,False,False,False,,,,,,,,,,,,,,,
T_757,305.13,19.88,2026-12-03 10:42:52,False,False,False,False,False,False,,,,,,,,,,,,,,,
T_758,151.27,11.95,2026-04-05 07:47:19,False,False,False,False,True,True,,,,,,1.505,0.9,83.28,24.88,-48.93,,,,,
T_759,167.46,35.77,2026-05-26 17:43:44,False,False,False,False,False,False,,,,,,,,,,,,,,,
T_760,4.55,-19.25,2026-09-08 17:50:11,False,False,False,False,False,False,,,,,,,,,,,,,,,
T_761,204.53,37.72,2027-01-24 06:10:24,False,False,False,False,False,False,,,,,,,,,,,,,,,
T_762,102.3,52.81,2026-04-18 21:01:13,False,False,False,False,False,False,,,,,,,,,,,,,,,
T_763,208.72,28.1,2027-01-20 12:25:42,False,False,False,False,True,True,,,,,,1.032,0.94,98.99,5.19,-25.78,,,,,
T_764,216.13,-33.76,2026-08-21 05:54:48,False,False,False,False,False,False,,,,,,,,,,,,,,,
T_765,321.45,-58.14,2027-01-15 18:53:23,False,False,False,False,False,False,,,,,,,,,,,,,,,
T_766,133.58,-28.86,2026-10-29 18:54:33,False,False,False,False,False,False,,,,,,,,,,,,,,,
T_767,301.55,54.32,2026-08-16 20:31:17,True,True,False,False,False,False,,,,,,,,,,,1.101,0.198,109.35,-26.86,-43.03
T_768,116.32,-20.79,2026-11-03 22:07:52,False,False,False,False,False,False,,,,,,,,,,,,,,,
T_769,165.42,-38.64,2027-02-28 07:39:29,False,False,True,True,False,False,1.171,0.492,68.54,48.88,-35.73,,,,,,,,,,
T_770,133.63,-35.88,2026-11-15 19:33:12,False,False,False,False,False,False,,,,,,,,,,,,,,,
T_771,87.88,59.16,2026-03-27 08:36:06,False,False,False,False,False,False,,,,,,,,,,,,,,,
T_772,20.59,-25.17,2026-07-15 03:26:19,False,False,False,False,False,False,,,,,,,,,,,,,,,
T_773,286.07,-55.47,2026-07-03 02:01:09,False,False,True,True,False,False,1.339,0.914,45.56,18.14,-52.41,,,,,,,,,,
T_774,287.91,32.81,2026-04-27 10:47:58,False,False,False,False,True,True,,,,,,1.056,0.829,112.98,-4.43,-21.51,,,,,
T_775,316.27,80.68,2026-06-12 04:51:35,False,False,False,False,True,True,,,,,,1.809,0.126,70.26,-36.59,-21.4,,,,,
T_776,93.01,21.46,2026-06-16 07:55:31,False,False,False,False,False,False,,,,,,,,,,,,,,,
T_777,73.17,-40.45,2026-05-13 20:09:33,False,False,False,False,False,False,,,,,,,,,,,,,,,
T_778,285.01,-28.5,2027-02-03 01:02:38,False,False,False,False,False,False,,,,,,,,,,,,,,,
T_779,12.37,-70.87,2026-07-16 12:50:44,False,False,False,False,False,False,,,,,,,,,,,,,,,
T_780,109.43,-28.75,2026-03-14 08:03:20,False,False,False,False,False,False,,,,,,,,,,,,,,,
T_781,8.92,-68.87,2027-01-24 21:10:38,False,False,False,False,False,False,,,,,,,,,,,,,,,
T_782,175.98,-14.07,2026-06-18 11:03:42,False,False,False,False,False,False,,,,,,,,,,,,,,,
T_783,148.81,37.5,2026-04-18 06:21:30,False,False,False,False,True,True,,,,,,1.19,0.01,97.35,-32.38,-41.89,,,,,
T_784,2.96,-8.61,2026-08-02 21:05:03,False,False,False,False,False,False,,,,,,,,,,,,,,,
T_785,82.94,-28.58,2026-04-20 12:48:07,False,False,False,False,False,False,,,,,,,,,,,,,,,
T_786,101.91,46.81,2026-06-16 12:36:53,False,False,False,False,False,False,,,,,,,,,,,,,,,
T_787,269.47,-44.27,2026-07-15 13:37:50,False,False,False,False,False,False,,,,,,,,,,,,,,,
T_788,176.44,28.2,2026-12-10 16:37:58,False,False,False,False,False,False,,,,,,,,,,,,,,,
T_789,276.77,49.38,2026-04-10 15:15:34,False,False,False,False,False,False,,,,,,,,,,,,,,,
T_790,80.12,36.25,2026-03-21 01:17:12,False,False,False,False,False,False,,,,,,,,,,,,,,,
T_791,283.76,13.07,2026-12-03 10:16:14,False,False,False,False,False,False,,,,,,,,,,,,,,,
T_792,18.3,54.52,2026-09-21 19:58:17,True,True,False,False,False,False,,,,,,,,,,,1.295,0.77,100.36,28.94,-52.09
T_793,100.53,43.87,2026-11-27 19:19:38,True,True,False,False,False,False,,,,,,,,,,,1.764,0.856,21.98,18.72,-59.97
T_794,222.56,9.99,2027-01-18 20:23:29,False,False,False,False,False,False,,,,,,,,,,,,,,,
T_795,330.66,36.75,2026-07-16 18:46:26,False,False,False,False,False,False,,,,,,,,,,,,,,,
T_796,232.11,-73.08,2026-12-25 20:33:05,False,False,False,False,False,False,,,,,,,,,,,,,,,
T_797,20.08,43.41,2026-11-20 06:43:09,False,False,False,False,True,True,,,,,,1.088,0.769,45.54,33.68,-73.62,,,,,
T_798,253.43,69.19,2027-02-19 12:06:27,False,False,False,False,True,True,,,,,,1.292,0.969,83.47,12.58,-25.7,,,,,
T_799,291.88,61.46,2027-01-03 12:22:53,False,False,False,False,False,False,,,,,,,,,,,,,,,
T_800,21.71,-10.15,2026-09-16 06:31:53,False,False,True,True,True,True,1.059,0.263,136.44,-30.81,-52.02,1.94,0.263,135.89,-30.33,-50.85,,,,,
T_801,51.3,-41.22,2027-01-13 09:56:26,False,False,False,False,False,False,,,,,,,,,,,,,,,
T_802,320.85,34.72,2026-11-24 08:28:14,False,False,False,False,False,False,,,,,,,,,,,,,,,
T_803,283.98,-37.9,2026-12-05 06:22:05,False,False,False,False,False,False,,,,,,,,,,,,,,,
T_804,249.66,66.96,2026-06-24 00:42:28,True,True,False,False,False,False,,,,,,,,,,,1.704,0.707,88.48,-28.83,-21.23
T_805,284.35,-85.2,2026-04-30 03:14:12,False,False,False,False,False,False,,,,,,,,,,,,,,,
T_806,168.99,41.72,2026-08-22 23:55:39,False,False,False,False,False,False,,,,,,,,,,,,,,,
T_807,119.46,19.7,2026-06-19 12:57:58,False,False,False,False,False,False,,,,,,,,,,,,,,,
T_808,240.63,-14.96,2026-07-24 10:20:47,False,False,False,False,False,False,,,,,,,,,,,,,,,
T_809,175.73,-31.74,2026-08-08 20:26:37,False,False,False,False,False,False,,,,,,,,,,,,,,,
T_810,322.34,30.09,2026-11-10 22:36:23,False,False,False,False,False,False,,,,,,,,,,,,,,,
T_811,50.22,21.79,2026-05-05 10:59:09,False,False,False,False,False,False,,,,,,,,,,,,,,,
T_812,128.66,24.57,2026-12-25 21:36:23,True,True,False,False,False,False,,,,,,,,,,,1.178,0.949,5.93,62.02,-83.27
T_813,333.33,-17.05,2026-10-12 22:59:30,False,False,False,False,False,False,,,,,,,,,,,,,,,
T_814,242.47,-15.36,2026-12-20 10:30:02,False,False,False,False,False,False,,,,,,,,,,,,,,,
T_815,45.25,-17.93,2026-08-05 13:57:51,False,False,False,False,False,False,,,,,,,,,,,,,,,
T_816,341.5,-35.92,2026-07-20 20:42:31,False,False,False,False,False,False,,,,,,,,,,,,,,,
T_817,332.39,73.77,2026-08-14 12:57:23,False,False,False,False,False,False,,,,,,,,,,,,,,,
T_818,294.37,37.84,2026-05-15 22:24:18,True,True,False,False,False,False,,,,,,,,,,,1.337,0.014,88.91,-34.78,-39.57
T_819,92.81,-42.69,2026-12-03 22:09:07,False,False,False,False,False,False,,,,,,,,,,,,,,,
T_820,294.9,-33.13,2026-04-12 13:09:51,False,False,False,False,False,False,,,,,,,,,,,,,,,
T_821,239.51,29.51,2026-05-21 06:25:50,False,False,False,False,True,True,,,,,,1.034,0.266,99.62,4.95,-33.37,,,,,
T_822,302.8,-33.88,2026-06-07 07:15:16,False,False,True,True,False,False,1.013,0.615,38.31,46.19,-55.06,,,,,,,,,,
T_823,52.78,54.19,2026-06-02 17:15:48,False,False,False,False,False,False,,,,,,,,,,,,,,,
T_824,159.07,3.89,2026-11-07 12:26:27,False,False,False,False,True,True,,,,,,1.46,0.033,45.78,-0.26,-18.16,,,,,
T_825,145.75,53.51,2026-07-09 04:42:22,False,False,False,False,False,False,,,,,,,,,,,,,,,
T_826,86.43,-18.55,2026-08-04 03:29:08,False,False,False,False,False,False,,,,,,,,,,,,,,,
T_827,286.51,-58.96,2026-03-22 08:23:30,False,False,True,True,False,False,1.438,0.141,120.77,-75.65,-31.72,,,,,,,,,,
T_828,137.63,12.35,2026-04-26 13:35:37,False,False,False,False,False,False,,,,,,,,,,,,,,,
T_829,243.65,-17.48,2027-01-26 05:12:26,False,False,False,False,False,False,,,,,,,,,,,,,,,
T_830,222.07,-17.6,2026-10-25 09:36:02,False,False,False,False,False,False,,,,,,,,,,,,,,,
T_831,315.01,-28.92,2026-03-24 18:55:35,False,False,False,False,False,False,,,,,,,,,,,,,,,
T_832,79.12,-43.95,2026-11-17 12:09:48,False,False,False,False,False,False,,,,,,,,,,,,,,,
T_833,209.65,-13.08,2026-06-30 17:04:58,False,False,False,False,False,False,,,,,,,,,,,,,,,
T_834,67.8,48.07,2026-07-01 02:01:27,False,False,False,False,False,False,,,,,,,,,,,,,,,
T_835,131.65,28.66,2026-04-08 08:49:27,False,False,False,False,False,False,,,,,,,,,,,,,,,
T_836,46.95,29.77,2027-01-03 08:19:54,False,False,False,False,True,True,,,,,,1.839,0.175,173.48,-33.01,-74.04,,,,,
T_837,305.26,-66.02,2026-05-31 12:52:59,False,False,False,False,False,False,,,,,,,,,,,,,,,
T_838,122.97,-29.71,2026-05-24 17:32:50,False,False,False,False,False,False,,,,,,,,,,,,,,,
T_839,108.52,-18.86,2026-10-20 20:31:50,False,False,False,False,False,False,,,,,,,,,,,,,,,
T_840,146.25,7.29,2027-01-19 18:17:26,False,False,False,False,False,False,,,,,,,,,,,,,,,
T_841,116.82,23.76,2027-02-17 07:46:44,False,False,False,False,True,True,,,,,,1.181,0.819,17.46,43.49,-67.24,,,,,
T_842,289.59,-56.99,2027-01-18 09:15:56,False,False,False,False,False,False,,,,,,,,,,,,,,,
T_843,186.19,-72.91,2026-09-22 04:43:17,False,False,False,False,False,False,,,,,,,,,,,,,,,
T_844,350.43,-15.56,2026-11-11 02:59:54,False,False,True,True,True,True,1.206,0.034,95.82,-21.8,-38.85,1.577,0.034,95.65,-20.8,-31.96,,,,,
T_845,131.33,-57.65,2026-03-13 10:31:34,False,False,False,False,False,False,,,,,,,,,,,,,,,
T_846,310.76,-55.9,2026-05-19 08:32:42,False,False,True,True,False,False,1.145,0.096,141.91,-72.93,-36.62,,,,,,,,,,
T_847,49.39,-9.94,2026-09-21 16:56:48,False,False,False,False,False,False,,,,,,,,,,,,,,,
T_848,320.85,50.23,2026-04-06 17:46:36,False,False,False,False,False,False,,,,,,,,,,,,,,,
T_849,119.09,-53.6,2027-01-21 04:42:59,False,False,True,True,False,False,1.098,0.973,81.81,31.47,-40.72,,,,,,,,,,
T_850,14.2,-22.69,2026-05-16 08:04:17,False,False,False,False,False,False,,,,,,,,,,,,,,,
T_851,166.16,-4.07,2027-03-03 23:59:04,True,True,False,False,False,False,,,,,,,,,,,1.404,0.172,124.62,-20.85,-52.01
T_852,324.47,75.11,2026-12-13 01:33:33,False,False,False,False,False,False,,,,,,,,,,,,,,,
T_853,189.98,-21.06,2027-01-29 08:56:38,False,False,False,False,False,False,,,,,,,,,,,,,,,
T_854,250.4,13.9,2026-05-24 03:55:44,False,False,True,True,False,False,1.481,0.575,87.09,15.24,-76.92,,,,,,,,,,
T_855,354.56,18.5,2027-02-23 05:54:59,False,False,False,False,False,False,,,,,,,,,,,,,,,
T_856,342.33,28.2,2026-10-07 06:20:19,False,False,False,False,True,True,,,,,,1.038,0.129,140.93,-39.48,-58.18,,,,,
T_857,119.28,-43.54,2026-04-20 04:19:44,False,False,False,False,False,False,,,,,,,,,,,,,,,
T_858,237.65,-67.64,2026-08-05 01:59:37,False,False,True,True,False,False,1.38,0.614,124.4,-28.32,-49.43,,,,,,,,,,
T_859,127.55,-3.11,2026-06-29 16:48:12,False,False,False,False,False,False,,,,,,,,,,,,,,,
T_860,128.15,33.52,2026-07-12 22:39:31,False,False,False,False,False,False,,,,,,,,,,,,,,,
T_861,307.5,-19.24,2026-05-14 19:02:55,False,False,False,False,False,False,,,,,,,,,,,,,,,
T_862,111.68,-8.78,2026-07-14 09:05:25,False,False,False,False,False,False,,,,,,,,,,,,,,,
T_863,217.74,20.02,2026-08-14 07:46:41,False,False,False,False,False,False,,,,,,,,,,,,,,,
T_864,191.9,22.68,2026-08-16 17:28:53,False,False,False,False,False,False,,,,,,,,,,,,,,,
T_865,284.85,-25.08,2026-09-26 02:49:31,False,False,True,True,False,False,1.427,0.996,72.55,54.85,-50.56,,,,,,,,,,
T_866,188.37,-16.28,2026-12-25 16:55:58,False,False,False,False,False,False,,,,,,,,,,,,,,,
T_867,325.87,51.01,2026-03-20 12:01:00,False,False,False,False,True,True,,,,,,1.861,0.028,58.3,-25.14,-19.03,,,,,
T_868,49.71,-7.3,2026-06-06 18:39:23,False,False,False,False,False,False,,,,,,,,,,,,,,,
T_869,7.55,81.78,2026-12-31 11:48:01,False,False,False,False,False,False,,,,,,,,,,,,,,,
T_870,18.17,20.54,2026-11-11 05:03:10,False,False,False,False,True,True,,,,,,1.033,0.037,135.23,-44.49,-56.71,,,,,
T_871,322.17,-13.51,2027-02-10 00:02:49,False,False,False,False,False,False,,,,,,,,,,,,,,,
T_872,50.97,27.64,2027-01-28 03:21:14,False,False,False,False,True,True,,,,,,1.031,0.634,147.11,-43.31,-30.87,,,,,
T_873,76.99,18.16,2026-09-27 07:52:02,False,False,True,True,True,True,1.654,0.994,66.67,33.06,-33.5,1.968,0.994,66.42,62.76,-56.0,,,,,
T_874,189.89,54.05,2026-05-29 01:40:14,False,False,False,False,False,False,,,,,,,,,,,,,,,
T_875,278.39,-11.49,2026-08-14 19:34:27,True,True,False,False,False,False,,,,,,,,,,,1.376,0.056,109.93,-26.98,-35.82
T_876,195.28,-6.16,2026-07-31 16:49:27,False,False,False,False,False,False,,,,,,,,,,,,,,,
T_877,216.43,16.27,2026-05-29 05:10:23,False,False,True,True,True,True,1.871,0.957,36.69,58.22,-79.79,1.057,0.957,37.67,33.43,-25.29,,,,,
T_878,181.16,-40.71,2026-03-31 06:07:15,False,False,True,True,False,False,1.11,0.965,46.38,38.6,-58.55,,,,,,,,,,
T_879,315.73,44.4,2026-05-24 11:00:38,False,False,False,False,False,False,,,,,,,,,,,,,,,
T_880,239.31,25.39,2026-08-01 08:55:42,False,False,False,False,False,False,,,,,,,,,,,,,,,
T_881,293.52,62.83,2026-07-14 18:38:24,True,True,False,False,False,False,,,,,,,,,,,1.392,0.003,94.27,-17.22,-21.49
T_882,237.03,-26.18,2026-10-08 10:48:13,False,False,False,False,False,False,,,,,,,,,,,,,,,
T_883,239.11,-3.52,2026-05-06 05:54:33,False,False,True,True,True,True,1.11,0.824,42.72,59.73,-68.61,1.649,0.824,43.25,-5.31,-34.52,,,,,
T_884,146.03,4.26,2026-08-10 01:14:21,False,False,False,False,False,False,,,,,,,,,,,,,,,
T_885,27.55,77.65,2026-10-06 21:48:15,True,True,False,False,False,False,,,,,,,,,,,1.494,0.157,84.54,-27.75,-64.88
T_886,40.55,-12.24,2026-06-07 22:38:03,False,False,False,False,False,False,,,,,,,,,,,,,,,
T_887,51.78,-11.38,2026-03-06 04:13:11,False,False,False,False,False,False,,,,,,,,,,,,,,,
T_888,181.19,-23.83,2026-06-08 04:42:38,False,False,False,False,False,False,,,,,,,,,,,,,,,
T_889,218.81,14.57,2026-05-26 06:08:33,False,False,False,False,True,True,,,,,,1.07,0.774,38.99,35.26,-31.32,,,,,
T_890,270.5,-75.59,2027-02-15 10:31:20,False,False,False,False,False,False,,,,,,,,,,,,,,,
T_891,181.78,58.3,2027-01-07 08:18:04,False,False,False,False,True,True,,,,,,1.464,0.003,117.76,-73.5,-74.2,,,,,
T_892,326.76,-6.78,2026-11-28 00:06:33,False,False,False,False,False,False,,,,,,,,,,,,,,,
T_893,212.61,-19.95,2026-05-14 10:42:07,False,False,False,False,False,False,,,,,,,,,,,,,,,
T_894,315.52,36.46,2027-02-17 12:17:42,False,False,False,False,False,False,,,,,,,,,,,,,,,
T_895,260.14,63.27,2026-04-24 10:32:27,False,False,False,False,True,True,,,,,,1.138,0.538,88.0,-16.35,-24.85,,,,,
T_896,34.56,36.24,2026-11-04 07:57:39,False,False,False,False,True,True,,,,,,1.028,0.242,117.59,-16.13,-67.96,,,,,
T_897,7.6,-6.44,2026-07-20 13:46:15,False,False,False,False,False,False,,,,,,,,,,,,,,,
T_898,278.91,6.8,2026-11-20 20:13:07,False,False,False,False,False,False,,,,,,,,,,,,,,,
T_899,274.01,23.54,2026-11-11 11:49:56,False,False,False,False,False,False,,,,,,,,,,,,,,,
T_900,189.8,-5.2,2026-12-12 15:03:54,False,False,False,False,False,False,,,,,,,,,,,,,,,
T_901,172.92,-9.96,2026-03-20 20:13:36,True,True,False,False,False,False,,,,,,,,,,,1.371,0.043,153.68,-30.83,-52.53
T_902,326.38,-32.48,2026-07-27 10:31:36,False,False,False,False,False,False,,,,,,,,,,,,,,,
T_903,35.1,-11.77,2026-10-27 13:52:43,False,False,False,False,False,False,,,,,,,,,,,,,,,
T_904,94.26,29.82,2027-03-03 23:00:36,False,False,False,False,False,False,,,,,,,,,,,,,,,
T_905,103.86,46.37,2026-08-28 20:30:44,False,False,False,False,False,False,,,,,,,,,,,,,,,
T_906,342.0,-62.5,2026-10-24 07:54:02,False,False,False,False,False,False,,,,,,,,,,,,,,,
T_907,171.37,45.73,2026-04-19 03:20:27,False,False,False,False,False,False,,,,,,,,,,,,,,,
T_908,315.68,52.72,2027-02-17 01:00:38,False,False,False,False,False,False,,,,,,,,,,,,,,,
T_909,219.66,27.52,2026-10-23 21:06:10,False,False,False,False,False,False,,,,,,,,,,,,,,,
T_910,31.49,14.35,2026-04-23 16:25:36,False,False,False,False,False,False,,,,,,,,,,,,,,,
T_911,333.91,-2.61,2026-05-09 06:54:54,False,False,False,False,False,False,,,,,,,,,,,,,,,
T_912,22.69,-83.7,2026-10-01 04:24:49,False,False,True,True,False,False,1.727,0.761,112.21,10.15,-57.52,,,,,,,,,,
T_913,107.05,-83.95,2027-02-01 20:01:49,False,False,False,False,False,False,,,,,,,,,,,,,,,
T_914,23.84,-3.39,2027-01-22 14:01:44,False,False,False,False,False,False,,,,,,,,,,,,,,,
T_915,214.25,69.8,2027-02-24 09:08:38,False,False,False,False,True,True,,,,,,1.301,0.854,83.42,39.43,-57.65,,,,,
T_916,82.44,-72.1,2027-02-23 14:39:40,False,False,False,False,False,False,,,,,,,,,,,,,,,
T_917,337.44,13.55,2026-10-31 18:03:29,True,True,False,False,False,False,,,,,,,,,,,1.052,0.625,125.62,-18.91,-41.52
T_918,277.24,-2.76,2027-02-01 20:31:49,False,False,False,False,False,False,,,,,,,,,,,,,,,
T_919,16.9,-30.98,2026-06-11 05:25:25,False,False,False,False,False,False,,,,,,,,,,,,,,,
T_920,207.61,72.55,2026-06-26 21:26:06,True,True,False,False,False,False,,,,,,,,,,,1.687,0.914,100.6,25.13,-36.47
T_921,341.45,-63.31,2026-05-20 04:12:24,False,False,False,False,False,False,,,,,,,,,,,,,,,
T_922,206.69,-58.17,2027-01-17 01:50:51,False,False,False,False,False,False,,,,,,,,,,,,,,,
T_923,335.84,-5.65,2026-12-07 09:51:24,False,False,False,False,False,False,,,,,,,,,,,,,,,
T_924,236.53,-0.56,2026-12-10 10:54:39,False,False,False,False,False,False,,,,,,,,,,,,,,,
T_925,64.03,68.72,2026-06-08 09:20:40,False,False,False,False,False,False,,,,,,,,,,,,,,,
T_926,355.8,-47.14,2026-10-06 21:53:41,False,False,False,False,False,False,,,,,,,,,,,,,,,
T_927,302.56,12.95,2027-02-01 11:11:02,False,False,False,False,False,False,,,,,,,,,,,,,,,
T_928,179.93,-13.68,2027-03-02 05:54:05,False,False,True,True,False,False,1.038,0.313,87.84,6.94,-50.81,,,,,,,,,,
T_929,305.99,44.76,2026-05-20 17:35:25,False,False,False,False,False,False,,,,,,,,,,,,,,,
T_930,67.18,-44.18,2027-02-14 05:28:00,False,False,False,False,False,False,,,,,,,,,,,,,,,
T_931,4.33,40.55,2026-05-02 10:35:04,False,False,False,False,False,False,,,,,,,,,,,,,,,
T_932,180.43,-40.49,2026-12-23 19:57:39,False,False,False,False,False,False,,,,,,,,,,,,,,,
T_933,245.71,34.78,2026-12-09 11:37:51,False,False,False,False,False,False,,,,,,,,,,,,,,,
T_934,353.45,19.78,2026-10-15 22:35:23,True,True,False,False,False,False,,,,,,,,,,,1.332,0.254,101.25,-52.55,-63.19
T_935,313.68,32.33,2026-07-18 01:50:39,False,False,False,False,False,False,,,,,,,,,,,,,,,
T_936,64.19,49.81,2026-11-02 07:51:32,False,False,False,False,True,True,,,,,,1.061,0.448,67.84,7.8,-68.01,,,,,
T_937,100.85,56.25,2026-05-05 15:20:56,False,False,False,False,False,False,,,,,,,,,,,,,,,
T_938,303.48,41.06,2026-07-26 15:30:36,False,False,False,False,False,False,,,,,,,,,,,,,,,
T_939,238.35,-37.55,2026-09-23 03:15:46,False,False,False,False,False,False,,,,,,,,,,,,,,,
T_940,82.7,-6.7,2026-08-09 06:28:14,False,False,False,False,False,False,,,,,,,,,,,,,,,
T_941,354.45,-55.57,2026-11-11 16:56:31,False,False,False,False,False,False,,,,,,,,,,,,,,,
T_942,71.23,64.91,2026-07-31 06:40:32,False,False,False,False,False,False,,,,,,,,,,,,,,,
T_943,213.87,-37.81,2026-05-09 11:34:34,False,False,False,False,False,False,,,,,,,,,,,,,,,
T_944,62.08,-8.16,2026-11-22 16:50:14,False,False,False,False,False,False,,,,,,,,,,,,,,,
T_945,333.91,-42.82,2027-01-21 07:32:59,False,False,False,False,False,False,,,,,,,,,,,,,,,
T_946,108.36,37.75,2027-02-05 13:47:45,False,False,False,False,False,False,,,,,,,,,,,,,,,
T_947,320.7,-15.36,2026-11-15 11:00:56,False,False,False,False,False,False,,,,,,,,,,,,,,,
T_948,198.55,-26.16,2026-10-01 21:30:46,False,False,False,False,False,False,,,,,,,,,,,,,,,
T_949,143.05,-11.82,2026-11-15 17:24:12,False,False,False,False,False,False,,,,,,,,,,,,,,,
T_950,228.56,70.52,2026-04-17 12:42:51,False,False,False,False,False,False,,,,,,,,,,,,,,,
T_951,0.13,-33.3,2027-02-07 04:51:14,False,False,False,False,False,False,,,,,,,,,,,,,,,
T_952,28.97,7.5,2026-11-26 15:29:35,False,False,False,False,False,False,,,,,,,,,,,,,,,
T_953,142.61,-53.6,2026-11-29 21:54:42,False,False,False,False,False,False,,,,,,,,,,,,,,,
T_954,332.1,-10.88,2026-06-14 07:29:23,False,False,True,True,False,False,1.181,0.012,101.73,-42.8,-52.45,,,,,,,,,,
T_955,323.99,-46.25,2026-11-23 17:23:22,False,False,False,False,False,False,,,,,,,,,,,,,,,
T_956,36.64,-1.05,2027-01-03 04:20:48,False,False,False,False,True,True,,,,,,1.303,0.187,153.54,-76.55,-47.05,,,,,
T_957,155.94,46.97,2026-10-10 18:39:55,False,False,False,False,False,False,,,,,,,,,,,,,,,
T_958,287.18,-76.56,2026-03-17 22:50:51,False,False,False,False,False,False,,,,,,,,,,,,,,,
T_959,11.58,35.89,2026-03-09 08:14:32,False,False,False,False,False,False,,,,,,,,,,,,,,,
T_960,240.82,23.28,2026-12-09 01:51:07,False,False,False,False,False,False,,,,,,,,,,,,,,,
T_961,181.35,70.33,2026-08-31 14:28:27,False,False,False,False,False,False,,,,,,,,,,,,,,,
T_962,297.96,68.21,2026-10-26 14:59:12,False,False,False,False,False,False,,,,,,,,,,,,,,,
T_963,327.0,-8.75,2026-09-22 18:04:54,True,True,False,False,False,False,,,,,,,,,,,1.367,0.841,15.49,40.21,-32.23
T_964,144.82,52.06,2026-04-14 08:36:21,False,False,False,False,True,True,,,,,,1.715,0.125,131.96,-32.34,-42.86,,,,,
T_965,302.41,-3.87,2026-07-20 22:37:29,True,True,False,False,False,False,,,,,,,,,,,1.225,0.449,103.23,-27.79,-37.96
T_966,319.84,48.07,2026-05-31 11:43:46,False,False,False,False,False,False,,,,,,,,,,,,,,,
T_967,111.8,-18.1,2026-05-05 13:04:13,False,False,False,False,False,False,,,,,,,,,,,,,,,
T_968,312.74,0.31,2026-10-08 16:28:55,False,False,False,False,False,False,,,,,,,,,,,,,,,
T_969,239.02,30.85,2026-12-24 00:33:29,False,False,False,False,False,False,,,,,,,,,,,,,,,
T_970,219.57,1.18,2026-08-27 07:28:11,False,False,False,False,False,False,,,,,,,,,,,,,,,
T_971,140.99,63.28,2026-12-04 02:54:11,True,True,False,False,False,False,,,,,,,,,,,1.202,0.218,84.14,32.11,-18.28
T_972,162.3,-53.78,2027-01-27 22:31:29,False,False,False,False,False,False,,,,,,,,,,,,,,,
T_973,231.97,6.86,2026-11-05 09:21:02,False,False,False,False,False,False,,,,,,,,,,,,,,,
T_974,97.93,-32.59,2026-12-12 04:53:15,False,False,True,True,False,False,1.026,0.088,121.83,-28.99,-37.52,,,,,,,,,,
T_975,272.88,-11.38,2026-08-16 09:28:11,False,False,False,False,False,False,,,,,,,,,,,,,,,
T_976,177.0,45.76,2026-12-02 05:09:36,False,False,False,False,False,False,,,,,,,,,,,,,,,
T_977,136.6,1.17,2026-12-03 22:07:40,False,False,False,False,False,False,,,,,,,,,,,,,,,
T_978,94.91,-26.14,2027-01-04 10:31:44,False,False,False,False,False,False,,,,,,,,,,,,,,,
T_979,287.9,-9.01,2026-07-27 11:27:46,False,False,False,False,False,False,,,,,,,,,,,,,,,
T_980,26.51,16.27,2026-09-26 07:30:23,False,False,True,True,True,True,1.543,0.998,32.78,32.74,-38.05,1.114,0.998,32.8,55.45,-56.43,,,,,
T_981,276.35,39.18,2026-05-01 07:46:16,False,False,False,False,True,True,,,,,,1.337,0.997,83.07,35.62,-39.87,,,,,
T_982,99.12,40.08,2026-05-27 22:34:42,False,False,False,False,False,False,,,,,,,,,,,,,,,
T_983,331.05,-58.75,2027-02-14 06:28:01,False,False,False,False,False,False,,,,,,,,,,,,,,,
T_984,345.12,-12.52,2026-05-02 19:44:36,False,False,False,False,False,False,,,,,,,,,,,,,,,
T_985,122.96,19.25,2026-11-05 10:26:20,False,False,False,False,True,True,,,,,,1.202,0.149,57.36,0.39,-42.38,,,,,
T_986,337.27,8.07,2026-06-16 13:46:41,False,False,False,False,False,False,,,,,,,,,,,,,,,
T_987,44.84,57.12,2026-09-18 18:10:15,False,False,False,False,False,False,,,,,,,,,,,,,,,
T_988,256.58,-68.47,2026-12-19 14:51:19,False,False,False,False,False,False,,,,,,,,,,,,,,,
T_989,341.71,-57.4,2026-06-09 11:17:41,False,False,False,False,False,False,,,,,,,,,,,,,,,
T_990,269.56,29.59,2026-12-05 04:00:10,False,False,False,False,False,False,,,,,,,,,,,,,,,
T_991,8.83,-55.11,2026-05-13 23:11:13,False,False,False,False,False,False,,,,,,,,,,,,,,,
T_992,207.16,-18.87,2026-11-04 03:29:34,False,False,False,False,False,False,,,,,,,,,,,,,,,
T_993,96.89,19.16,2026-06-19 09:23:17,False,False,False,False,False,False,,,,,,,,,,,,,,,
T_994,260.55,-18.35,2027-02-20 08:55:14,False,False,True,True,False,False,1.408,0.995,119.04,10.96,-19.88,,,,,,,,,,
T_995,128.66,-1.63,2026-08-13 10:56:29,False,False,False,False,False,False,,,,,,,,,,,,,,,
T_996,51.87,-8.75,2026-12-15 07:01:19,False,False,False,False,True,True,,,,,,1.542,0.313,78.63,-18.64,-77.67,,,,,
T_997,129.57,-51.12,2027-01-07 18:28:00,False,False,False,False,False,False,,,,,,,,,,,,,,,
T_998,53.58,33.47,2027-02-24 21:52:23,False,False,False,False,False,False,,,,,,,,,,,,,,,
T_999,59.07,2.68,2026-09-22 09:36:23,False,False,False,False,True,True,,,,,,1.305,0.814,108.73,-6.24,-42.65,,,,,
